A,B,median_pearson_kappa,delta_A,delta_B,grad_A,grad_B,grad_magnitude,hessian_AA,hessian_AB,hessian_BB,hessian_dominant_eigenvalue,hessian_dominant_eigenvector_angle_deg,is_local_max,neighborhood_mean,neighborhood_std
0.0,0.0,0.08951008530735144,0.0008194491591941577,0.0027451291962285046,0.003277796636776631,0.010980516784914018,0.011459306246708075,nan,nan,nan,nan,nan,False,0.0914515953489439,0.0016417724881146285
0.0,0.25,0.09225521450357994,0.0014563326147186972,0.002536315534202936,0.005825330458874789,0.010145262136811745,0.01169875287283736,nan,nan,-0.00668203718481819,nan,nan,False,0.09283777722296983,0.002447817819452174
0.0,0.5,0.09458271637575731,0.0020548491905288124,0.0015533367793039016,0.00821939676211525,0.006213347117215606,0.01030359963954744,nan,nan,-0.024773282971950916,nan,nan,False,0.0950850814558211,0.0018667286541906604
0.0,0.75,0.09536188806218775,0.002599669046629019,0.0011226642948680282,0.010398676186516076,0.004490657179472113,0.011326891380054854,nan,nan,0.010991763470002969,nan,nan,False,0.09679296909724013,0.0015836781151266175
0.0,1.0,0.09682804496549337,0.0025579975394060678,0.001466156903305621,0.010231990157624271,0.005864627613222484,0.011793535501599664,nan,nan,nan,nan,nan,False,0.09738438316034934,0.0014781549739081377
0.25,0.0,0.0903295344665456,0.0006903613580132584,0.003382012651753044,0.0027614454320530335,0.013528050607012176,0.01380701756716812,-0.004130809637788779,nan,nan,nan,nan,False,0.09192649592762181,0.0018873423975671894
0.25,0.25,0.09371154711829864,0.0013032858214987106,0.0031540155498702635,0.005213143285994842,0.012616062199481054,0.013650710177184475,-0.004897497383039573,0.009870787789034496,-0.007295907260248979,0.0038466645156461205,-138.46346705293436,False,0.09346782150520186,0.0028195987562761415
0.25,0.5,0.09663756556628612,0.0019242098316425704,0.0021250049952590624,0.007696839326570282,0.00850001998103625,0.011466981961137566,-0.004180459484359744,0.00935599518042085,-0.025632430487309454,-0.0006733353187974274,-159.45133222610485,False,0.09601231882453742,0.0023965089663552466
0.25,0.75,0.09796155710881677,0.002472785219051317,0.0013742384693066559,0.009891140876205268,0.0054969538772266235,0.011315969678348185,-0.004060282482486466,0.007842812260529686,0.0016079016568324445,0.0071129811295518475,-125.06604230251484,False,0.09801484186852051,0.0023758353979159517
0.25,1.0,0.09938604250489944,0.002904561364208781,0.0014244853960826698,0.011618245456835125,0.005697941584330679,0.012940253698970311,0.011090042393686828,nan,nan,nan,nan,False,0.09874702647259977,0.00237118474354164
0.5,0.0,0.09089080802337796,0.0008394458832223367,0.003970978123199409,0.003357783532889347,0.015883912492797636,0.016234943373248815,0.008901514444479286,nan,nan,nan,nan,False,0.09309154928162122,0.0022556231757628643
0.5,0.25,0.09486178614657736,0.001517823291819452,0.003770164007832248,0.006071293167277808,0.015080656031328993,0.01625689967546991,0.011762696433303299,0.01101186240308083,-0.006426051691749146,0.01695008532825312,-154.77615052884747,False,0.09496526891428408,0.003393809304311615
0.5,0.5,0.09843113603904245,0.0022159286836074404,0.002722836176856508,0.008863714734429762,0.010891344707426032,0.014042322757625403,0.013515462747235585,0.008609199330916084,-0.027088438899474543,0.01526543973877628,-168.51012577015877,False,0.09809746340443722,0.0028485851858496302
0.5,0.75,0.10030745850029038,0.0025939732081839625,0.002103015827434239,0.01037589283273585,0.008412063309736956,0.013357468368049458,0.007938298134731125,0.009036875228531194,0.007254187717961935,0.016639589412112944,-136.08383527636093,False,0.10062855250568653,0.0027846280798238163
0.5,1.0,0.10263716769391093,0.0033455380871738397,0.0023297091936205494,0.013382152348695359,0.009318836774482198,0.01630713709739188,0.003021212741195045,nan,nan,nan,nan,False,0.10158647466872489,0.002687337903681649
0.75,0.0,0.09200842623299027,0.0012892660437871378,0.004738767468947275,0.005157064175148551,0.0189550698757891,0.019644082694354754,0.00549273069359435,nan,nan,nan,nan,False,0.09442094932642071,0.002640302780373245
0.75,0.25,0.09674719370193754,0.0018431777980558173,0.004530498350255367,0.007372711192223269,0.01812199340102147,0.019564342952182165,-0.001351352233739611,0.009548680057856918,-0.00666461179814104,0.00590337372618649,-142.7738042950679,False,0.09660256589690543,0.003941834227221202
0.75,0.5,0.101069422933501,0.0024828510510192525,0.003201154911623573,0.00993140420407701,0.012804619646494292,0.016204662099412813,-0.004973946990057598,0.008041399496730106,-0.035874378238076376,-0.0030065488654964032,-166.2521499898238,False,0.10027951607787644,0.003326561734167162
0.75,0.75,0.10314950352518469,0.0028483527351470805,0.002503847872873055,0.011393410940588322,0.01001539149149222,0.015169636765228508,0.00020184672808865045,0.0066846842469612255,0.013560552998059805,0.016331002071766916,67.48857193408759,False,0.1033718722600591,0.0031406926507763495
0.75,1.0,0.10607711867924711,0.0033184365818894057,0.002927615154062424,0.013273746327557623,0.011710460616249696,0.01770105164709387,-0.0038884609102969314,nan,nan,nan,nan,False,0.10457490887115124,0.0028976714735498687
1.0,0.0,0.09346934011095223,0.0014609138779619613,0.005078801631736768,0.005843655511847845,0.02031520652694707,0.021138967003466905,nan,nan,nan,nan,nan,False,0.09519327544714226,0.0025877116997373713
1.0,0.25,0.098548141742689,0.0018009480407514544,0.004963749015064363,0.007203792163005818,0.01985499606025745,0.021121446211863026,nan,nan,-0.0036816837335169605,nan,nan,False,0.09753989381052515,0.003991091142750696
1.0,0.5,0.10339683814108096,0.0023274152075799526,0.003728011113947771,0.00930966083031981,0.014912044455791085,0.017579500977760447,nan,nan,-0.035861929102213974,nan,nan,False,0.10148587733582963,0.0031116229601678026
1.0,0.75,0.10600416397058454,0.002854660445399851,0.002938601358304392,0.011418641781599403,0.011754405433217568,0.01638753877874717,nan,nan,0.010600816921625844,nan,nan,False,0.10482851468454801,0.002636393152477924
1.0,1.0,0.10927404085768974,0.0031969221784426266,0.0032698768871051997,0.012787688713770506,0.013079507548420799,0.01829203379478319,nan,nan,nan,nan,nan,False,0.10612620675817652,0.0021671943692743866
