sector,g_dev_dependence,g_dev_functions,g_dev_independent,condition,admissible_region,strength,diagnosis
Foundational ontology (FND-001--FND-003),directly normalizes the corrected microscopic matter vertex,microscopic source amplitude,three-component count and rotation-representation audit,a separate principle would be required to derive a numerical value,all finite g_dev; nonzero if the stipulated coupling is imposed,no magnitude bound,former inverse-rescaling conclusion withdrawn; numerical value remains a premise
CORE-001 microscopic model,linear source term -epsilon_* g_dev eta e.q,source and conditional equilibrium response amplitude,"homogeneous stability, mode count, normalized coarse-graining form","stiffness positivity constrains kappa coefficients, not g_dev",all finite g_dev; nonzero for matter loading,excludes zero only if nonzero matter coupling is imposed,direct coupling is well defined but not numerically selected
FND-004 consequences,component vertices and unnormalized bright amplitude,|g_vec|=sqrt(3)|g_dev|; quadratic weight proportional to g_dev^2,two dark modes and normalized multiplicity ratios,common equal nonzero coupling for bright/dark interpretation,g_dev != 0 for the stated coupling premise; no magnitude bound,excludes zero only if nonzero coupling is imposed,"premise, not a derived consistency constraint"
FND-005 experimental consequences,absolute calibrated source response,amplitudes proportional to g_dev; powers proportional to g_dev^2,normalized coherent/single-channel ratios and component counting,access map and independent source calibration are absent,unbounded; separate g_dev unobservable,none on magnitude,proposed tests can constrain equality/counting before magnitude
Weak-lensing laboratory (WL-001),none in frozen implementation,none,"all archived fields, trajectories, residuals and RMSE",empirical scalar interface contains no g_dev mapping,all g_dev,none,cannot constrain a parameter absent from the code
Constitutive studies (WL-002/WL-002A/WL-003),none in the implemented candidate scalar laws,only the upstream source amplitude once a physical closure is supplied,catalogue rankings and frozen reproducibility comparisons,physical micro--macro closure remains missing/conditional,all g_dev,none,empirical laws supply no equation relating their behavior to g_dev
Micro--macro closure (MB-001),direct upstream source dependence should propagate through a completed closure,conditional coarse source,closure-gap finding and frozen Version-D reproduction,quantitative coarse-graining/response law absent,all finite g_dev; no closure-derived bound,none on magnitude,missing closure prevents a cross-sector consistency equation
"Elasticity, rigidity, stiffness and thermal assumptions","no established equation ties g_dev to elastic, thermal, damping, or stiffness coefficients",none established,positivity/stability and symmetry conditions,"K, G, kappa, thermal and response scales remain independent inputs",all g_dev,none,a relation would be new physics and is forbidden here
Photon coupling (PHOTON-001),none established; optical beta or full n(u) is independent and missing,none without an added g_dev-to-electromagnetic map,conditional Fermat/ray equations and symmetry null tests,photon action/effective metric must independently fix n(u),all g_dev,none,identifying beta with g_dev would be an unsupported assumption
