cluster_id,model,observable,metric,value,sign,reciprocal,d_alpha,d_3alpha,d_6alpha,nearest_target,log_distance,alpha_input_dependency
Abell2744,C10,kappa,median_fractional_residual_vs_GR,-0.8010070421788695,-,-1.2484284748356733,2.04047100470873,1.5633497499890674,1.2623197543250861,6alpha,1.2623197543250861,indirect
Abell2744,C10,gamma1,median_fractional_residual_vs_GR,-0.9009435498181071,-,-1.1099474547566177,2.091532250796693,1.6144109960770308,1.3133810004130495,6alpha,1.3133810004130495,indirect
Abell2744,C10,gamma2,median_fractional_residual_vs_GR,-0.9665681507253032,-,-1.0345881966518449,2.122067151091422,1.6449458963717596,1.3439159007077786,6alpha,1.3439159007077786,indirect
Abell2744,A8,kappa,median_fractional_residual_vs_GR,-0.007409534984201517,-,-134.96123604682114,0.006625623340484982,0.47049563137917744,0.7715256270431586,alpha,0.006625623340484982,indirect
Abell2744,A8,gamma1,median_fractional_residual_vs_GR,-0.568276764642859,-,-1.7597059429809048,1.8913945696770085,1.4142733149573459,1.1132433192933646,6alpha,1.1132433192933646,indirect
Abell2744,A8,gamma2,median_fractional_residual_vs_GR,-0.7909712825825281,-,-1.2642684026845972,2.034995386500834,1.5578741317811713,1.25684413611719,6alpha,1.25684413611719,indirect
Abell2744,A8,A8-fast_pre,snapshot_0_median_|Δ|_vs_GR_kappa,0.05724563543641342,+,17.468580659057707,0.8945770509164953,0.4174557961968329,0.11642580053285169,6alpha,0.11642580053285169,indirect
Abell2744,A8,A8-fast_pre,snapshot_1_median_|Δ|_vs_GR_kappa,0.057131045283378576,+,17.503618129860037,0.8937068405295369,0.4165855858098744,0.11555559014589323,6alpha,0.11555559014589323,indirect
Abell2744,A8,A8-fast_pre,snapshot_2_median_|Δ|_vs_GR_kappa,0.05718765243926753,+,17.486292186271953,0.894136939506132,0.41701568478646955,0.11598568912248836,6alpha,0.11598568912248836,indirect
Abell2744,A8,A8-fast_pre,snapshot_3_median_|Δ|_vs_GR_kappa,0.05728599649411616,+,17.456273106861463,0.8948831425188628,0.41776188779920026,0.11673189213521906,6alpha,0.11673189213521906,indirect
Abell2744,A8,A8-fast_pre,snapshot_4_median_|Δ|_vs_GR_kappa,0.05731625555803992,+,17.44705738823734,0.8951124808531399,0.41799122613347744,0.11696123046949626,6alpha,0.11696123046949626,indirect
Abell2744,A8,A8-fast_pre,snapshot_5_median_|Δ|_vs_GR_kappa,0.05727618305817385,+,17.459263983850448,0.8948087388874839,0.4176874841678214,0.11665748850384024,6alpha,0.11665748850384024,indirect
Abell2744,A8,A8-fast_pre,snapshot_6_median_|Δ|_vs_GR_kappa,0.05724437407825973,+,17.46896557263223,0.8945674815071085,0.4174462267874461,0.11641623112346489,6alpha,0.11641623112346489,indirect
Abell2744,A8,A8-fast_pre,snapshot_7_median_|Δ|_vs_GR_kappa,0.057335793233628585,+,17.44111215005359,0.8952604957358905,0.41813924101622796,0.11710924535224677,6alpha,0.11710924535224677,indirect
Abell2744,A8,A8-fast_pre,snapshot_8_median_|Δ|_vs_GR_kappa,0.057411058420185235,+,17.418247068031906,0.8958302239579307,0.41870896923826817,0.11767897357428699,6alpha,0.11767897357428699,indirect
Abell2744,A8,A8-fast_pre,snapshot_9_median_|Δ|_vs_GR_kappa,0.057409003914286695,+,17.418870417836008,0.8958146820646983,0.4186934273450358,0.11766343168105459,6alpha,0.11766343168105459,indirect
Abell2744,A8,A8-fast_pre,snapshot_10_median_|Δ|_vs_GR_kappa,0.05737825570028671,+,17.428204949684506,0.8955820119925524,0.4184607572728899,0.11743076160890872,6alpha,0.11743076160890872,indirect
Abell2744,A8,A8-fast_pre,snapshot_11_median_|Δ|_vs_GR_kappa,0.057387993805322154,+,17.425247576911463,0.8956557131949434,0.41853445847528103,0.11750446281129981,6alpha,0.11750446281129981,indirect
Abell2744,A8,A8-fast_pre,snapshot_12_median_|Δ|_vs_GR_kappa,0.05740600816524606,+,17.41977942659678,0.8957920188736356,0.41867076415397314,0.11764076848999194,6alpha,0.11764076848999194,indirect
Abell2744,A8,A8-fast_pre,snapshot_13_median_|Δ|_vs_GR_kappa,0.05739598516937761,+,17.422821422943855,0.8957161851414428,0.41859493042178036,0.11756493475779915,6alpha,0.11756493475779915,indirect
Abell2744,A8,A8-fast_pre,snapshot_14_median_|Δ|_vs_GR_kappa,0.057392398974672604,+,17.42391009724654,0.8956890488665743,0.4185677941469119,0.11753779848293071,6alpha,0.11753779848293071,indirect
Abell2744,A8,A8-fast_pre,snapshot_15_median_|Δ|_vs_GR_kappa,0.05738966396165938,+,17.424740466647016,0.8956683522345499,0.4185470975148874,0.11751710185090616,6alpha,0.11751710185090616,indirect
Abell2744,A8,A8-fast_pre,snapshot_16_median_|Δ|_vs_GR_kappa,0.05738771505881304,+,17.42533221570441,0.8956536037229662,0.4185323490033037,0.11750235333932252,6alpha,0.11750235333932252,indirect
Abell2744,A8,A8-fast_pre,snapshot_17_median_|Δ|_vs_GR_kappa,0.05738649134209888,+,17.425703795666582,0.8956443428718908,0.4185230881522283,0.11749309248824708,6alpha,0.11749309248824708,indirect
Abell2744,A8,A8-fast_pre,snapshot_18_median_|Δ|_vs_GR_kappa,0.05737753981699052,+,17.428422396456288,0.8955765934572388,0.41845533873757634,0.11742534307359515,6alpha,0.11742534307359515,indirect
Abell2744,A8,A8-fast_pre,snapshot_19_median_|Δ|_vs_GR_kappa,0.05734148576506787,+,17.439380697198377,0.8953036121232998,0.4181823574036373,0.11715236173965607,6alpha,0.11715236173965607,indirect
Abell2744,A8,A8-slow_pre,snapshot_0_median_|Δ|_vs_GR_kappa,0.05760660902749825,+,17.359119324705514,0.8973069819796047,0.4201857272599423,0.11915573159596107,6alpha,0.11915573159596107,indirect
Abell2744,A8,A8-slow_pre,snapshot_1_median_|Δ|_vs_GR_kappa,0.05759996671140684,+,17.361121144571158,0.8972569028723967,0.42013564815273424,0.11910565248875304,6alpha,0.11910565248875304,indirect
Abell2744,A8,A8-slow_pre,snapshot_2_median_|Δ|_vs_GR_kappa,0.05754536248908064,+,17.377594939813825,0.8968450005505707,0.41972374583090827,0.11869375016692706,6alpha,0.11869375016692706,indirect
Abell2744,A8,A8-slow_pre,snapshot_3_median_|Δ|_vs_GR_kappa,0.05754747716002964,+,17.376956373242425,0.89686095966544,0.4197397049457775,0.1187097092817963,6alpha,0.1187097092817963,indirect
Abell2744,A8,A8-slow_pre,snapshot_4_median_|Δ|_vs_GR_kappa,0.05749859882355286,+,17.391728154432435,0.8964919319882729,0.4193706772686105,0.11834068160462928,6alpha,0.11834068160462928,indirect
Abell2744,A8,A8-slow_pre,snapshot_5_median_|Δ|_vs_GR_kappa,0.05741916235679825,+,17.415788718513117,0.8958915230642941,0.41877026834463155,0.11774027268065035,6alpha,0.11774027268065035,indirect
Abell2744,A8,A8-slow_pre,snapshot_6_median_|Δ|_vs_GR_kappa,0.05736567854970342,+,17.43202600024279,0.8954868054414791,0.4183655507218166,0.1173355550578354,6alpha,0.1173355550578354,indirect
Abell2744,A8,A8-slow_pre,snapshot_7_median_|Δ|_vs_GR_kappa,0.057304829121554185,+,17.450536286895023,0.895025892275761,0.41790463755609863,0.11687464189211741,6alpha,0.11687464189211741,indirect
Abell2744,A8,A8-slow_pre,snapshot_8_median_|Δ|_vs_GR_kappa,0.05731643454046956,+,17.447002906189628,0.8951138370296631,0.4179925823100006,0.1169625866460194,6alpha,0.1169625866460194,indirect
Abell2744,A8,A8-slow_pre,snapshot_9_median_|Δ|_vs_GR_kappa,0.057278701889359476,+,17.458496212634447,0.8948278374093048,0.41770658268964245,0.11667658702566125,6alpha,0.11667658702566125,indirect
Abell2744,A8,A8-slow_pre,snapshot_10_median_|Δ|_vs_GR_kappa,0.057297539982872486,+,17.45275626665512,0.8949706467736602,0.4178493920539978,0.11681939639001661,6alpha,0.11681939639001661,indirect
Abell2744,A8,A8-slow_pre,snapshot_11_median_|Δ|_vs_GR_kappa,0.057376879950659126,+,17.42862283309834,0.8955715988555999,0.4184503441359374,0.11742034847195623,6alpha,0.11742034847195623,indirect
Abell2744,A8,A8-slow_pre,snapshot_12_median_|Δ|_vs_GR_kappa,0.05739011262260076,+,17.424604244567917,0.8956717474488791,0.41855049272921674,0.11752049706523557,6alpha,0.11752049706523557,indirect
Abell2744,A8,A8-slow_pre,snapshot_13_median_|Δ|_vs_GR_kappa,0.05733725910578383,+,17.44066625429478,0.8952715989580555,0.418150344238393,0.11712034857441178,6alpha,0.11712034857441178,indirect
Abell2744,A8,A8-slow_pre,snapshot_14_median_|Δ|_vs_GR_kappa,0.05732357893750913,+,17.44482843770349,0.895167967731862,0.41804671301219953,0.11701671734821836,6alpha,0.11701671734821836,indirect
Abell2744,A8,A8-slow_pre,snapshot_15_median_|Δ|_vs_GR_kappa,0.057342545180980496,+,17.439058500871745,0.8953116358818145,0.41819038116215207,0.11716038549817089,6alpha,0.11716038549817089,indirect
Abell2744,A8,A8-slow_pre,snapshot_16_median_|Δ|_vs_GR_kappa,0.05740700375911681,+,17.419477320155206,0.895799550788652,0.4186782960689895,0.1176483004050083,6alpha,0.1176483004050083,indirect
Abell2744,A8,A8-slow_pre,snapshot_17_median_|Δ|_vs_GR_kappa,0.05740975987527418,+,17.418641049406133,0.895820400810913,0.41869914609125053,0.11766915042726935,6alpha,0.11766915042726935,indirect
Abell2744,A8,A8-slow_pre,snapshot_18_median_|Δ|_vs_GR_kappa,0.05741225814898872,+,17.417883083520803,0.8958392993899025,0.41871804467024,0.11768804900625882,6alpha,0.11768804900625882,indirect
Abell2744,A8,A8-slow_pre,snapshot_19_median_|Δ|_vs_GR_kappa,0.05740340726867369,+,17.42056870107991,0.8957723418284158,0.4186510871087533,0.11762109144477215,6alpha,0.11762109144477215,indirect
Abell2744,A8,A8-fast_post,snapshot_0_median_|Δ|_vs_GR_kappa,0.057131045283378576,+,17.503618129860037,0.8937068405295369,0.4165855858098744,0.11555559014589323,6alpha,0.11555559014589323,indirect
Abell2744,A8,A8-fast_post,snapshot_1_median_|Δ|_vs_GR_kappa,0.05718765243926753,+,17.486292186271953,0.894136939506132,0.41701568478646955,0.11598568912248836,6alpha,0.11598568912248836,indirect
Abell2744,A8,A8-fast_post,snapshot_2_median_|Δ|_vs_GR_kappa,0.05728599649411616,+,17.456273106861463,0.8948831425188628,0.41776188779920026,0.11673189213521906,6alpha,0.11673189213521906,indirect
Abell2744,A8,A8-fast_post,snapshot_3_median_|Δ|_vs_GR_kappa,0.05731625555803992,+,17.44705738823734,0.8951124808531399,0.41799122613347744,0.11696123046949626,6alpha,0.11696123046949626,indirect
Abell2744,A8,A8-fast_post,snapshot_4_median_|Δ|_vs_GR_kappa,0.05727618305817385,+,17.459263983850448,0.8948087388874839,0.4176874841678214,0.11665748850384024,6alpha,0.11665748850384024,indirect
Abell2744,A8,A8-fast_post,snapshot_5_median_|Δ|_vs_GR_kappa,0.05724437407825973,+,17.46896557263223,0.8945674815071085,0.4174462267874461,0.11641623112346489,6alpha,0.11641623112346489,indirect
Abell2744,A8,A8-fast_post,snapshot_6_median_|Δ|_vs_GR_kappa,0.057335793233628585,+,17.44111215005359,0.8952604957358905,0.41813924101622796,0.11710924535224677,6alpha,0.11710924535224677,indirect
Abell2744,A8,A8-fast_post,snapshot_7_median_|Δ|_vs_GR_kappa,0.057411058420185235,+,17.418247068031906,0.8958302239579307,0.41870896923826817,0.11767897357428699,6alpha,0.11767897357428699,indirect
Abell2744,A8,A8-fast_post,snapshot_8_median_|Δ|_vs_GR_kappa,0.057409003914286695,+,17.418870417836008,0.8958146820646983,0.4186934273450358,0.11766343168105459,6alpha,0.11766343168105459,indirect
Abell2744,A8,A8-fast_post,snapshot_9_median_|Δ|_vs_GR_kappa,0.05737825570028671,+,17.428204949684506,0.8955820119925524,0.4184607572728899,0.11743076160890872,6alpha,0.11743076160890872,indirect
Abell2744,A8,A8-fast_post,snapshot_10_median_|Δ|_vs_GR_kappa,0.057387993805322154,+,17.425247576911463,0.8956557131949434,0.41853445847528103,0.11750446281129981,6alpha,0.11750446281129981,indirect
Abell2744,A8,A8-fast_post,snapshot_11_median_|Δ|_vs_GR_kappa,0.05740600816524606,+,17.41977942659678,0.8957920188736356,0.41867076415397314,0.11764076848999194,6alpha,0.11764076848999194,indirect
Abell2744,A8,A8-fast_post,snapshot_12_median_|Δ|_vs_GR_kappa,0.05739598516937761,+,17.422821422943855,0.8957161851414428,0.41859493042178036,0.11756493475779915,6alpha,0.11756493475779915,indirect
Abell2744,A8,A8-fast_post,snapshot_13_median_|Δ|_vs_GR_kappa,0.057392398974672604,+,17.42391009724654,0.8956890488665743,0.4185677941469119,0.11753779848293071,6alpha,0.11753779848293071,indirect
Abell2744,A8,A8-fast_post,snapshot_14_median_|Δ|_vs_GR_kappa,0.05738966396165938,+,17.424740466647016,0.8956683522345499,0.4185470975148874,0.11751710185090616,6alpha,0.11751710185090616,indirect
Abell2744,A8,A8-fast_post,snapshot_15_median_|Δ|_vs_GR_kappa,0.05738771505881304,+,17.42533221570441,0.8956536037229662,0.4185323490033037,0.11750235333932252,6alpha,0.11750235333932252,indirect
Abell2744,A8,A8-fast_post,snapshot_16_median_|Δ|_vs_GR_kappa,0.05738649134209888,+,17.425703795666582,0.8956443428718908,0.4185230881522283,0.11749309248824708,6alpha,0.11749309248824708,indirect
Abell2744,A8,A8-fast_post,snapshot_17_median_|Δ|_vs_GR_kappa,0.05737753981699052,+,17.428422396456288,0.8955765934572388,0.41845533873757634,0.11742534307359515,6alpha,0.11742534307359515,indirect
Abell2744,A8,A8-fast_post,snapshot_18_median_|Δ|_vs_GR_kappa,0.05734148576506787,+,17.439380697198377,0.8953036121232998,0.4181823574036373,0.11715236173965607,6alpha,0.11715236173965607,indirect
Abell2744,A8,A8-fast_post,snapshot_19_median_|Δ|_vs_GR_kappa,0.05728419211973252,+,17.456822955796437,0.8948694630469574,0.41774820832729487,0.11671821266331364,6alpha,0.11671821266331364,indirect
Abell2744,A8,A8-slow_post,snapshot_0_median_|Δ|_vs_GR_kappa,0.05759996671140684,+,17.361121144571158,0.8972569028723967,0.42013564815273424,0.11910565248875304,6alpha,0.11910565248875304,indirect
Abell2744,A8,A8-slow_post,snapshot_1_median_|Δ|_vs_GR_kappa,0.05754536248908064,+,17.377594939813825,0.8968450005505707,0.41972374583090827,0.11869375016692706,6alpha,0.11869375016692706,indirect
Abell2744,A8,A8-slow_post,snapshot_2_median_|Δ|_vs_GR_kappa,0.05754747716002964,+,17.376956373242425,0.89686095966544,0.4197397049457775,0.1187097092817963,6alpha,0.1187097092817963,indirect
Abell2744,A8,A8-slow_post,snapshot_3_median_|Δ|_vs_GR_kappa,0.05749859882355286,+,17.391728154432435,0.8964919319882729,0.4193706772686105,0.11834068160462928,6alpha,0.11834068160462928,indirect
Abell2744,A8,A8-slow_post,snapshot_4_median_|Δ|_vs_GR_kappa,0.05741916235679825,+,17.415788718513117,0.8958915230642941,0.41877026834463155,0.11774027268065035,6alpha,0.11774027268065035,indirect
Abell2744,A8,A8-slow_post,snapshot_5_median_|Δ|_vs_GR_kappa,0.05736567854970342,+,17.43202600024279,0.8954868054414791,0.4183655507218166,0.1173355550578354,6alpha,0.1173355550578354,indirect
Abell2744,A8,A8-slow_post,snapshot_6_median_|Δ|_vs_GR_kappa,0.057304829121554185,+,17.450536286895023,0.895025892275761,0.41790463755609863,0.11687464189211741,6alpha,0.11687464189211741,indirect
Abell2744,A8,A8-slow_post,snapshot_7_median_|Δ|_vs_GR_kappa,0.05731643454046956,+,17.447002906189628,0.8951138370296631,0.4179925823100006,0.1169625866460194,6alpha,0.1169625866460194,indirect
Abell2744,A8,A8-slow_post,snapshot_8_median_|Δ|_vs_GR_kappa,0.057278701889359476,+,17.458496212634447,0.8948278374093048,0.41770658268964245,0.11667658702566125,6alpha,0.11667658702566125,indirect
Abell2744,A8,A8-slow_post,snapshot_9_median_|Δ|_vs_GR_kappa,0.057297539982872486,+,17.45275626665512,0.8949706467736602,0.4178493920539978,0.11681939639001661,6alpha,0.11681939639001661,indirect
Abell2744,A8,A8-slow_post,snapshot_10_median_|Δ|_vs_GR_kappa,0.057376879950659126,+,17.42862283309834,0.8955715988555999,0.4184503441359374,0.11742034847195623,6alpha,0.11742034847195623,indirect
Abell2744,A8,A8-slow_post,snapshot_11_median_|Δ|_vs_GR_kappa,0.05739011262260076,+,17.424604244567917,0.8956717474488791,0.41855049272921674,0.11752049706523557,6alpha,0.11752049706523557,indirect
Abell2744,A8,A8-slow_post,snapshot_12_median_|Δ|_vs_GR_kappa,0.05733725910578383,+,17.44066625429478,0.8952715989580555,0.418150344238393,0.11712034857441178,6alpha,0.11712034857441178,indirect
Abell2744,A8,A8-slow_post,snapshot_13_median_|Δ|_vs_GR_kappa,0.05732357893750913,+,17.44482843770349,0.895167967731862,0.41804671301219953,0.11701671734821836,6alpha,0.11701671734821836,indirect
Abell2744,A8,A8-slow_post,snapshot_14_median_|Δ|_vs_GR_kappa,0.057342545180980496,+,17.439058500871745,0.8953116358818145,0.41819038116215207,0.11716038549817089,6alpha,0.11716038549817089,indirect
Abell2744,A8,A8-slow_post,snapshot_15_median_|Δ|_vs_GR_kappa,0.05740700375911681,+,17.419477320155206,0.895799550788652,0.4186782960689895,0.1176483004050083,6alpha,0.1176483004050083,indirect
Abell2744,A8,A8-slow_post,snapshot_16_median_|Δ|_vs_GR_kappa,0.05740975987527418,+,17.418641049406133,0.895820400810913,0.41869914609125053,0.11766915042726935,6alpha,0.11766915042726935,indirect
Abell2744,A8,A8-slow_post,snapshot_17_median_|Δ|_vs_GR_kappa,0.05741225814898872,+,17.417883083520803,0.8958392993899025,0.41871804467024,0.11768804900625882,6alpha,0.11768804900625882,indirect
Abell2744,A8,A8-slow_post,snapshot_18_median_|Δ|_vs_GR_kappa,0.05740340726867369,+,17.42056870107991,0.8957723418284158,0.4186510871087533,0.11762109144477215,6alpha,0.11762109144477215,indirect
Abell2744,A8,A8-slow_post,snapshot_19_median_|Δ|_vs_GR_kappa,0.05736643177449227,+,17.431797116665805,0.8954925077922596,0.41837125307259726,0.11734125740861605,6alpha,0.11734125740861605,indirect
MACS0416,C10,kappa,median_fractional_residual_vs_GR,-0.907583308777643,-,-1.1018272265791513,2.094721170684355,1.6175999159646923,1.316569920300711,6alpha,1.316569920300711,indirect
MACS0416,C10,gamma1,median_fractional_residual_vs_GR,-0.9540298963311391,-,-1.0481851814556815,2.1163966547960498,1.6392754000763876,1.3382454044124064,6alpha,1.3382454044124064,indirect
MACS0416,C10,gamma2,median_fractional_residual_vs_GR,-0.9650572243682359,-,-1.0362079830599051,2.121387736623456,1.6442664819037935,1.3432364862398123,6alpha,1.3432364862398123,indirect
MACS0416,A8,kappa,median_fractional_residual_vs_GR,-0.7436957969614468,-,-1.3446358095416802,2.0082299974945195,1.5311087427748569,1.2300787471108756,6alpha,1.2300787471108756,indirect
MACS0416,A8,gamma1,median_fractional_residual_vs_GR,-0.7750015416115901,-,-1.2903200139712407,2.026137236833467,1.5490159821138043,1.247985986449823,6alpha,1.247985986449823,indirect
MACS0416,A8,gamma2,median_fractional_residual_vs_GR,-0.7585566005868236,-,-1.318293188967566,2.0168226621616085,1.539701407441946,1.2386714117779647,6alpha,1.2386714117779647,indirect
MACS0416,A8,A8-fast_pre,snapshot_0_median_|Δ|_vs_GR_kappa,0.04483914266338897,+,22.301942914187276,0.7884919706133786,0.3113707158937161,0.010340720229734932,6alpha,0.010340720229734932,indirect
MACS0416,A8,A8-fast_pre,snapshot_1_median_|Δ|_vs_GR_kappa,0.04488955287076625,+,22.276898210123125,0.7889799500065605,0.3118586952868981,0.01082869962291687,6alpha,0.01082869962291687,indirect
MACS0416,A8,A8-fast_pre,snapshot_2_median_|Δ|_vs_GR_kappa,0.04489508135265756,+,22.27415498247683,0.7890334333047329,0.31191217858507037,0.010882182921089199,6alpha,0.010882182921089199,indirect
MACS0416,A8,A8-fast_pre,snapshot_3_median_|Δ|_vs_GR_kappa,0.044868466198703286,+,22.28736760404126,0.7887758941331786,0.31165463941351607,0.010624643749534892,6alpha,0.010624643749534892,indirect
MACS0416,A8,A8-fast_pre,snapshot_4_median_|Δ|_vs_GR_kappa,0.044854525381556515,+,22.29429453312607,0.7886409360828026,0.3115196813631401,0.010489685699158903,6alpha,0.010489685699158903,indirect
MACS0416,A8,A8-fast_pre,snapshot_5_median_|Δ|_vs_GR_kappa,0.04486058709713826,+,22.29128205198616,0.7886996234000068,0.3115783686803444,0.010548373016363197,6alpha,0.010548373016363197,indirect
MACS0416,A8,A8-fast_pre,snapshot_6_median_|Δ|_vs_GR_kappa,0.044854607986848316,+,22.294253475433493,0.788641735890382,0.3115204811707195,0.010490485506738324,6alpha,0.010490485506738324,indirect
MACS0416,A8,A8-fast_pre,snapshot_7_median_|Δ|_vs_GR_kappa,0.04485420427207969,+,22.2944541371001,0.7886378269968884,0.3115165722772259,0.010486576613244722,6alpha,0.010486576613244722,indirect
MACS0416,A8,A8-fast_pre,snapshot_8_median_|Δ|_vs_GR_kappa,0.04487283072475397,+,22.285199838047053,0.7888181375516807,0.31169688283201824,0.010666887168037025,6alpha,0.010666887168037025,indirect
MACS0416,A8,A8-fast_pre,snapshot_9_median_|Δ|_vs_GR_kappa,0.044923457965098265,+,22.260085160339074,0.7893078489588226,0.3121865942391601,0.0111565985751789,6alpha,0.0111565985751789,indirect
MACS0416,A8,A8-fast_pre,snapshot_10_median_|Δ|_vs_GR_kappa,0.044883809935126376,+,22.279748565136696,0.788924385077638,0.31180313035797547,0.010773134693994282,6alpha,0.010773134693994282,indirect
MACS0416,A8,A8-fast_pre,snapshot_11_median_|Δ|_vs_GR_kappa,0.04488911376602308,+,22.27711612245969,0.788975701764209,0.3118544470445464,0.01082445138056522,6alpha,0.01082445138056522,indirect
MACS0416,A8,A8-fast_pre,snapshot_12_median_|Δ|_vs_GR_kappa,0.04487482918270149,+,22.284207387812934,0.7888374788751193,0.31171622415545686,0.010686228491475689,6alpha,0.010686228491475689,indirect
MACS0416,A8,A8-fast_pre,snapshot_13_median_|Δ|_vs_GR_kappa,0.04480621261112649,+,22.318333590901975,0.7881729057697882,0.31105165105012567,0.010021655386144466,6alpha,0.010021655386144466,indirect
MACS0416,A8,A8-fast_pre,snapshot_14_median_|Δ|_vs_GR_kappa,0.04474066103336451,+,22.35103319672163,0.7875370668526116,0.3104158121329493,0.009385816468968067,6alpha,0.009385816468968067,indirect
MACS0416,A8,A8-fast_pre,snapshot_15_median_|Δ|_vs_GR_kappa,0.04472236746095411,+,22.36017583087642,0.7873594561055449,0.3102382013858825,0.009208205721901277,6alpha,0.009208205721901277,indirect
MACS0416,A8,A8-fast_pre,snapshot_16_median_|Δ|_vs_GR_kappa,0.04475289953671259,+,22.344920895676495,0.7876558489073227,0.3105345941876603,0.009504598523679093,6alpha,0.009504598523679093,indirect
MACS0416,A8,A8-fast_pre,snapshot_17_median_|Δ|_vs_GR_kappa,0.04481455151456917,+,22.314180689165234,0.7882537249816318,0.3111324702619694,0.010102474597988185,6alpha,0.010102474597988185,indirect
MACS0416,A8,A8-fast_pre,snapshot_18_median_|Δ|_vs_GR_kappa,0.04484587054798743,+,22.29859712345081,0.7885571293964763,0.3114358746768138,0.010405879012832554,6alpha,0.010405879012832554,indirect
MACS0416,A8,A8-fast_pre,snapshot_19_median_|Δ|_vs_GR_kappa,0.04479752409406769,+,22.32266225026541,0.78808868216115,0.3109674274414876,0.009937431777506367,6alpha,0.009937431777506367,indirect
MACS0416,A8,A8-slow_pre,snapshot_0_median_|Δ|_vs_GR_kappa,0.04486561320252153,+,22.288784853692764,0.7887482783041131,0.3116270235844507,0.010597027920469518,6alpha,0.010597027920469518,indirect
MACS0416,A8,A8-slow_pre,snapshot_1_median_|Δ|_vs_GR_kappa,0.04490962679733323,+,22.266940772248432,0.7891741164948426,0.3120528617751802,0.011022866111199032,6alpha,0.011022866111199032,indirect
MACS0416,A8,A8-slow_pre,snapshot_2_median_|Δ|_vs_GR_kappa,0.04493212819273624,+,22.25578979278486,0.7893916597087761,0.3122704049891137,0.011240409325132506,6alpha,0.011240409325132506,indirect
MACS0416,A8,A8-slow_pre,snapshot_3_median_|Δ|_vs_GR_kappa,0.04495638816725541,+,22.243779822338205,0.7896260828308224,0.3125048281111598,0.011474832447178627,6alpha,0.011474832447178627,indirect
MACS0416,A8,A8-slow_pre,snapshot_4_median_|Δ|_vs_GR_kappa,0.044932685307603616,+,22.25551384597033,0.7893970445063019,0.31227578978663934,0.011245794122658116,6alpha,0.011245794122658116,indirect
MACS0416,A8,A8-slow_pre,snapshot_5_median_|Δ|_vs_GR_kappa,0.04492245413751243,+,22.260582579457772,0.7892981444153185,0.3121768896956561,0.011146894031674914,6alpha,0.011146894031674914,indirect
MACS0416,A8,A8-slow_pre,snapshot_6_median_|Δ|_vs_GR_kappa,0.04490498464568052,+,22.269242666274724,0.7891292226670715,0.3120079679474091,0.010977972283427905,6alpha,0.010977972283427905,indirect
MACS0416,A8,A8-slow_pre,snapshot_7_median_|Δ|_vs_GR_kappa,0.044880028897050325,+,22.281625582146706,0.7888877983185458,0.3117665435988834,0.010736547934902209,6alpha,0.010736547934902209,indirect
MACS0416,A8,A8-slow_pre,snapshot_8_median_|Δ|_vs_GR_kappa,0.04480368302961608,+,22.319593666863977,0.788148386529275,0.3110271318096125,0.009997136145631306,6alpha,0.009997136145631306,indirect
MACS0416,A8,A8-slow_pre,snapshot_9_median_|Δ|_vs_GR_kappa,0.04478800583996796,+,22.327406216144123,0.7879963966045102,0.31087514188484766,0.009845146220866473,6alpha,0.009845146220866473,indirect
MACS0416,A8,A8-slow_pre,snapshot_10_median_|Δ|_vs_GR_kappa,0.04475826835926373,+,22.342240588336516,0.7877079463174198,0.31058669159775737,0.009556695933776156,6alpha,0.009556695933776156,indirect
MACS0416,A8,A8-slow_pre,snapshot_11_median_|Δ|_vs_GR_kappa,0.044759714193759736,+,22.341518886182186,0.7877219751845929,0.31060072046493037,0.009570724800949186,6alpha,0.009570724800949186,indirect
MACS0416,A8,A8-slow_pre,snapshot_12_median_|Δ|_vs_GR_kappa,0.044740665998083684,+,22.351030716503676,0.7875371150447925,0.31041586032512997,0.009385864661148779,6alpha,0.009385864661148779,indirect
MACS0416,A8,A8-slow_pre,snapshot_13_median_|Δ|_vs_GR_kappa,0.04472571994693209,+,22.358499789081513,0.7873920105447458,0.3102707558250834,0.009240760161102207,6alpha,0.009240760161102207,indirect
MACS0416,A8,A8-slow_pre,snapshot_14_median_|Δ|_vs_GR_kappa,0.0447152274624389,+,22.3637462392427,0.7872901147516055,0.31016886003194305,0.009138864367961849,6alpha,0.009138864367961849,indirect
MACS0416,A8,A8-slow_pre,snapshot_15_median_|Δ|_vs_GR_kappa,0.0447167039981539,+,22.36300779326858,0.7873044552964856,0.3101832005768232,0.009153204912842019,6alpha,0.009153204912842019,indirect
MACS0416,A8,A8-slow_pre,snapshot_16_median_|Δ|_vs_GR_kappa,0.04472379916012108,+,22.359460036473628,0.7873733589718499,0.31025210425218747,0.009222108588206284,6alpha,0.009222108588206284,indirect
MACS0416,A8,A8-slow_pre,snapshot_17_median_|Δ|_vs_GR_kappa,0.0446911837747284,+,22.37577785007055,0.7870565287927349,0.30993527407307253,0.00890527840909134,6alpha,0.00890527840909134,indirect
MACS0416,A8,A8-slow_pre,snapshot_18_median_|Δ|_vs_GR_kappa,0.044667371535110544,+,22.387706409228837,0.7868250674743033,0.3097038127546408,0.008673817090659645,6alpha,0.008673817090659645,indirect
MACS0416,A8,A8-slow_pre,snapshot_19_median_|Δ|_vs_GR_kappa,0.04463270722226578,+,22.40509398231468,0.7864879004582584,0.309366645738596,0.008336650074614831,6alpha,0.008336650074614831,indirect
MACS0416,A8,A8-fast_post,snapshot_0_median_|Δ|_vs_GR_kappa,0.04488955287076625,+,22.276898210123125,0.7889799500065605,0.3118586952868981,0.01082869962291687,6alpha,0.01082869962291687,indirect
MACS0416,A8,A8-fast_post,snapshot_1_median_|Δ|_vs_GR_kappa,0.04489508135265756,+,22.27415498247683,0.7890334333047329,0.31191217858507037,0.010882182921089199,6alpha,0.010882182921089199,indirect
MACS0416,A8,A8-fast_post,snapshot_2_median_|Δ|_vs_GR_kappa,0.044868466198703286,+,22.28736760404126,0.7887758941331786,0.31165463941351607,0.010624643749534892,6alpha,0.010624643749534892,indirect
MACS0416,A8,A8-fast_post,snapshot_3_median_|Δ|_vs_GR_kappa,0.044854525381556515,+,22.29429453312607,0.7886409360828026,0.3115196813631401,0.010489685699158903,6alpha,0.010489685699158903,indirect
MACS0416,A8,A8-fast_post,snapshot_4_median_|Δ|_vs_GR_kappa,0.04486058709713826,+,22.29128205198616,0.7886996234000068,0.3115783686803444,0.010548373016363197,6alpha,0.010548373016363197,indirect
MACS0416,A8,A8-fast_post,snapshot_5_median_|Δ|_vs_GR_kappa,0.044854607986848316,+,22.294253475433493,0.788641735890382,0.3115204811707195,0.010490485506738324,6alpha,0.010490485506738324,indirect
MACS0416,A8,A8-fast_post,snapshot_6_median_|Δ|_vs_GR_kappa,0.04485420427207969,+,22.2944541371001,0.7886378269968884,0.3115165722772259,0.010486576613244722,6alpha,0.010486576613244722,indirect
MACS0416,A8,A8-fast_post,snapshot_7_median_|Δ|_vs_GR_kappa,0.04487283072475397,+,22.285199838047053,0.7888181375516807,0.31169688283201824,0.010666887168037025,6alpha,0.010666887168037025,indirect
MACS0416,A8,A8-fast_post,snapshot_8_median_|Δ|_vs_GR_kappa,0.044923457965098265,+,22.260085160339074,0.7893078489588226,0.3121865942391601,0.0111565985751789,6alpha,0.0111565985751789,indirect
MACS0416,A8,A8-fast_post,snapshot_9_median_|Δ|_vs_GR_kappa,0.044883809935126376,+,22.279748565136696,0.788924385077638,0.31180313035797547,0.010773134693994282,6alpha,0.010773134693994282,indirect
MACS0416,A8,A8-fast_post,snapshot_10_median_|Δ|_vs_GR_kappa,0.04488911376602308,+,22.27711612245969,0.788975701764209,0.3118544470445464,0.01082445138056522,6alpha,0.01082445138056522,indirect
MACS0416,A8,A8-fast_post,snapshot_11_median_|Δ|_vs_GR_kappa,0.04487482918270149,+,22.284207387812934,0.7888374788751193,0.31171622415545686,0.010686228491475689,6alpha,0.010686228491475689,indirect
MACS0416,A8,A8-fast_post,snapshot_12_median_|Δ|_vs_GR_kappa,0.04480621261112649,+,22.318333590901975,0.7881729057697882,0.31105165105012567,0.010021655386144466,6alpha,0.010021655386144466,indirect
MACS0416,A8,A8-fast_post,snapshot_13_median_|Δ|_vs_GR_kappa,0.04474066103336451,+,22.35103319672163,0.7875370668526116,0.3104158121329493,0.009385816468968067,6alpha,0.009385816468968067,indirect
MACS0416,A8,A8-fast_post,snapshot_14_median_|Δ|_vs_GR_kappa,0.04472236746095411,+,22.36017583087642,0.7873594561055449,0.3102382013858825,0.009208205721901277,6alpha,0.009208205721901277,indirect
MACS0416,A8,A8-fast_post,snapshot_15_median_|Δ|_vs_GR_kappa,0.04475289953671259,+,22.344920895676495,0.7876558489073227,0.3105345941876603,0.009504598523679093,6alpha,0.009504598523679093,indirect
MACS0416,A8,A8-fast_post,snapshot_16_median_|Δ|_vs_GR_kappa,0.04481455151456917,+,22.314180689165234,0.7882537249816318,0.3111324702619694,0.010102474597988185,6alpha,0.010102474597988185,indirect
MACS0416,A8,A8-fast_post,snapshot_17_median_|Δ|_vs_GR_kappa,0.04484587054798743,+,22.29859712345081,0.7885571293964763,0.3114358746768138,0.010405879012832554,6alpha,0.010405879012832554,indirect
MACS0416,A8,A8-fast_post,snapshot_18_median_|Δ|_vs_GR_kappa,0.04479752409406769,+,22.32266225026541,0.78808868216115,0.3109674274414876,0.009937431777506367,6alpha,0.009937431777506367,indirect
MACS0416,A8,A8-fast_post,snapshot_19_median_|Δ|_vs_GR_kappa,0.044829839740927,+,22.30657093085834,0.7884018567792083,0.3112806020595458,0.010250606395564554,6alpha,0.010250606395564554,indirect
MACS0416,A8,A8-slow_post,snapshot_0_median_|Δ|_vs_GR_kappa,0.04490962679733323,+,22.266940772248432,0.7891741164948426,0.3120528617751802,0.011022866111199032,6alpha,0.011022866111199032,indirect
MACS0416,A8,A8-slow_post,snapshot_1_median_|Δ|_vs_GR_kappa,0.04493212819273624,+,22.25578979278486,0.7893916597087761,0.3122704049891137,0.011240409325132506,6alpha,0.011240409325132506,indirect
MACS0416,A8,A8-slow_post,snapshot_2_median_|Δ|_vs_GR_kappa,0.04495638816725541,+,22.243779822338205,0.7896260828308224,0.3125048281111598,0.011474832447178627,6alpha,0.011474832447178627,indirect
MACS0416,A8,A8-slow_post,snapshot_3_median_|Δ|_vs_GR_kappa,0.044932685307603616,+,22.25551384597033,0.7893970445063019,0.31227578978663934,0.011245794122658116,6alpha,0.011245794122658116,indirect
MACS0416,A8,A8-slow_post,snapshot_4_median_|Δ|_vs_GR_kappa,0.04492245413751243,+,22.260582579457772,0.7892981444153185,0.3121768896956561,0.011146894031674914,6alpha,0.011146894031674914,indirect
MACS0416,A8,A8-slow_post,snapshot_5_median_|Δ|_vs_GR_kappa,0.04490498464568052,+,22.269242666274724,0.7891292226670715,0.3120079679474091,0.010977972283427905,6alpha,0.010977972283427905,indirect
MACS0416,A8,A8-slow_post,snapshot_6_median_|Δ|_vs_GR_kappa,0.044880028897050325,+,22.281625582146706,0.7888877983185458,0.3117665435988834,0.010736547934902209,6alpha,0.010736547934902209,indirect
MACS0416,A8,A8-slow_post,snapshot_7_median_|Δ|_vs_GR_kappa,0.04480368302961608,+,22.319593666863977,0.788148386529275,0.3110271318096125,0.009997136145631306,6alpha,0.009997136145631306,indirect
MACS0416,A8,A8-slow_post,snapshot_8_median_|Δ|_vs_GR_kappa,0.04478800583996796,+,22.327406216144123,0.7879963966045102,0.31087514188484766,0.009845146220866473,6alpha,0.009845146220866473,indirect
MACS0416,A8,A8-slow_post,snapshot_9_median_|Δ|_vs_GR_kappa,0.04475826835926373,+,22.342240588336516,0.7877079463174198,0.31058669159775737,0.009556695933776156,6alpha,0.009556695933776156,indirect
MACS0416,A8,A8-slow_post,snapshot_10_median_|Δ|_vs_GR_kappa,0.044759714193759736,+,22.341518886182186,0.7877219751845929,0.31060072046493037,0.009570724800949186,6alpha,0.009570724800949186,indirect
MACS0416,A8,A8-slow_post,snapshot_11_median_|Δ|_vs_GR_kappa,0.044740665998083684,+,22.351030716503676,0.7875371150447925,0.31041586032512997,0.009385864661148779,6alpha,0.009385864661148779,indirect
MACS0416,A8,A8-slow_post,snapshot_12_median_|Δ|_vs_GR_kappa,0.04472571994693209,+,22.358499789081513,0.7873920105447458,0.3102707558250834,0.009240760161102207,6alpha,0.009240760161102207,indirect
MACS0416,A8,A8-slow_post,snapshot_13_median_|Δ|_vs_GR_kappa,0.0447152274624389,+,22.3637462392427,0.7872901147516055,0.31016886003194305,0.009138864367961849,6alpha,0.009138864367961849,indirect
MACS0416,A8,A8-slow_post,snapshot_14_median_|Δ|_vs_GR_kappa,0.0447167039981539,+,22.36300779326858,0.7873044552964856,0.3101832005768232,0.009153204912842019,6alpha,0.009153204912842019,indirect
MACS0416,A8,A8-slow_post,snapshot_15_median_|Δ|_vs_GR_kappa,0.04472379916012108,+,22.359460036473628,0.7873733589718499,0.31025210425218747,0.009222108588206284,6alpha,0.009222108588206284,indirect
MACS0416,A8,A8-slow_post,snapshot_16_median_|Δ|_vs_GR_kappa,0.0446911837747284,+,22.37577785007055,0.7870565287927349,0.30993527407307253,0.00890527840909134,6alpha,0.00890527840909134,indirect
MACS0416,A8,A8-slow_post,snapshot_17_median_|Δ|_vs_GR_kappa,0.044667371535110544,+,22.387706409228837,0.7868250674743033,0.3097038127546408,0.008673817090659645,6alpha,0.008673817090659645,indirect
MACS0416,A8,A8-slow_post,snapshot_18_median_|Δ|_vs_GR_kappa,0.04463270722226578,+,22.40509398231468,0.7864879004582584,0.309366645738596,0.008336650074614831,6alpha,0.008336650074614831,indirect
MACS0416,A8,A8-slow_post,snapshot_19_median_|Δ|_vs_GR_kappa,0.044626571636056725,+,22.40817439787453,0.7864281945930057,0.3093069398733433,0.008276944209362102,6alpha,0.008276944209362102,indirect
MACS1149,C10,kappa,median_fractional_residual_vs_GR,-0.48544347520569503,-,-2.059972068995827,1.8229733385964317,1.3458520838767694,1.044822088212788,6alpha,1.044822088212788,indirect
MACS1149,C10,gamma1,median_fractional_residual_vs_GR,-0.7418856366784672,-,-1.347916647203401,2.0071716334176384,1.5300503786979758,1.2290203830339945,6alpha,1.2290203830339945,indirect
MACS1149,C10,gamma2,median_fractional_residual_vs_GR,-1.0063109400859926,-,-0.9937286381031957,2.1395668645776076,1.6624456098579452,1.3614156141939642,6alpha,1.3614156141939642,indirect
MACS1149,A8,kappa,median_fractional_residual_vs_GR,0.8585855218242415,+,1.1647063391836545,2.0706182312138997,1.593496976494237,1.2924669808302558,6alpha,1.2924669808302558,indirect
MACS1149,A8,gamma1,median_fractional_residual_vs_GR,-0.09858425066173909,-,-10.14360806404246,1.130642210157615,0.6535209554379525,0.3524909597739714,6alpha,0.3524909597739714,indirect
MACS1149,A8,gamma2,median_fractional_residual_vs_GR,-0.6678543419001605,-,-1.4973324829405585,1.9615164242224807,1.4843951695028181,1.183365173838837,6alpha,1.183365173838837,indirect
MACS1149,A8,A8-fast_pre,snapshot_0_median_|Δ|_vs_GR_kappa,0.02935670558719379,+,34.063767715006406,0.6045419878425337,0.1274207331228712,0.17360926254111,3alpha,0.1274207331228712,indirect
MACS1149,A8,A8-fast_pre,snapshot_1_median_|Δ|_vs_GR_kappa,0.029405462579936877,+,34.007286818956295,0.6052626861565116,0.12814143143684914,0.17288856422713203,3alpha,0.12814143143684914,indirect
MACS1149,A8,A8-fast_pre,snapshot_2_median_|Δ|_vs_GR_kappa,0.029406299726015953,+,34.00631869079717,0.6052750499391448,0.1281537952194824,0.1728762004444988,3alpha,0.1281537952194824,indirect
MACS1149,A8,A8-fast_pre,snapshot_3_median_|Δ|_vs_GR_kappa,0.029397204908157948,+,34.016839462261,0.6051407100127846,0.1280194552931221,0.1730105403708591,3alpha,0.1280194552931221,indirect
MACS1149,A8,A8-fast_pre,snapshot_4_median_|Δ|_vs_GR_kappa,0.029434990855420683,+,33.973171757104254,0.6056985756655329,0.12857732094587046,0.17245267471811074,3alpha,0.12857732094587046,indirect
MACS1149,A8,A8-fast_pre,snapshot_5_median_|Δ|_vs_GR_kappa,0.029502695574857164,+,33.89520789592601,0.6066963684451626,0.12957511372550023,0.17145488193848096,3alpha,0.12957511372550023,indirect
MACS1149,A8,A8-fast_pre,snapshot_6_median_|Δ|_vs_GR_kappa,0.029562899987030652,+,33.8261808022455,0.6075817045803272,0.13046044986066482,0.17056954580331635,3alpha,0.13046044986066482,indirect
MACS1149,A8,A8-fast_pre,snapshot_7_median_|Δ|_vs_GR_kappa,0.029555788653052882,+,33.83431962309379,0.6074772227932155,0.13035596807355304,0.17067402759042816,3alpha,0.13035596807355304,indirect
MACS1149,A8,A8-fast_pre,snapshot_8_median_|Δ|_vs_GR_kappa,0.02961994060597281,+,33.76104001364377,0.6084188537767234,0.131297599057061,0.16973239660692016,3alpha,0.131297599057061,indirect
MACS1149,A8,A8-fast_pre,snapshot_9_median_|Δ|_vs_GR_kappa,0.029610835286576563,+,33.77142151924801,0.6082853289345678,0.13116407421490534,0.16986592144907586,3alpha,0.13116407421490534,indirect
MACS1149,A8,A8-fast_pre,snapshot_10_median_|Δ|_vs_GR_kappa,0.02957048515729723,+,33.81750399699566,0.6076931204108637,0.1305718656912012,0.17045812997278,3alpha,0.1305718656912012,indirect
MACS1149,A8,A8-fast_pre,snapshot_11_median_|Δ|_vs_GR_kappa,0.02949624285182294,+,33.90262295518758,0.6066013707352744,0.12948011601561196,0.17154987964836926,3alpha,0.12948011601561196,indirect
MACS1149,A8,A8-fast_pre,snapshot_12_median_|Δ|_vs_GR_kappa,0.029432858729014702,+,33.97563278534705,0.6056671163633917,0.12854586164372916,0.17248413402025203,3alpha,0.12854586164372916,indirect
MACS1149,A8,A8-fast_pre,snapshot_13_median_|Δ|_vs_GR_kappa,0.02942678184825054,+,33.98264904252353,0.6055774401177825,0.12845618539811993,0.17257381026586124,3alpha,0.12845618539811993,indirect
MACS1149,A8,A8-fast_pre,snapshot_14_median_|Δ|_vs_GR_kappa,0.029478112866936787,+,33.923474155688545,0.6063343478048795,0.12921309308521695,0.17181690257876425,3alpha,0.12921309308521695,indirect
MACS1149,A8,A8-fast_pre,snapshot_15_median_|Δ|_vs_GR_kappa,0.02952367356817719,+,33.871123716727254,0.6070050652956093,0.12988381057594683,0.17114618508803436,3alpha,0.12988381057594683,indirect
MACS1149,A8,A8-fast_pre,snapshot_16_median_|Δ|_vs_GR_kappa,0.02954587842673096,+,33.84566827078232,0.6073315769304498,0.1302103222107874,0.1708196734531938,3alpha,0.1302103222107874,indirect
MACS1149,A8,A8-fast_pre,snapshot_17_median_|Δ|_vs_GR_kappa,0.029545586097190678,+,33.84600314613777,0.6073272799610899,0.13020602524142755,0.17082397042255365,3alpha,0.13020602524142755,indirect
MACS1149,A8,A8-fast_pre,snapshot_18_median_|Δ|_vs_GR_kappa,0.029548103305796394,+,33.84311979861773,0.6073642791675693,0.13024302444790692,0.17078697121607428,3alpha,0.13024302444790692,indirect
MACS1149,A8,A8-fast_pre,snapshot_19_median_|Δ|_vs_GR_kappa,0.029550209647442517,+,33.84070745794343,0.6073952368213023,0.13027398210163973,0.17075601356234146,3alpha,0.13027398210163973,indirect
MACS1149,A8,A8-slow_pre,snapshot_0_median_|Δ|_vs_GR_kappa,0.029497550080074146,+,33.90112050951339,0.6066206175742371,0.12949936285457464,0.17153063280940653,3alpha,0.12949936285457464,indirect
MACS1149,A8,A8-slow_pre,snapshot_1_median_|Δ|_vs_GR_kappa,0.029542363517444867,+,33.84969518127744,0.6072799082512367,0.13015865353157424,0.17087134213240696,3alpha,0.13015865353157424,indirect
MACS1149,A8,A8-slow_pre,snapshot_2_median_|Δ|_vs_GR_kappa,0.02952562290627141,+,33.86888748035844,0.6070337391944882,0.12991248447482576,0.17111751118915544,3alpha,0.12991248447482576,indirect
MACS1149,A8,A8-slow_pre,snapshot_3_median_|Δ|_vs_GR_kappa,0.029504453212738774,+,33.89318869221553,0.6067222409860014,0.129600986266339,0.17142900939764222,3alpha,0.129600986266339,indirect
MACS1149,A8,A8-slow_pre,snapshot_4_median_|Δ|_vs_GR_kappa,0.029452241206652345,+,33.95327347020814,0.6059530190245688,0.1288317643049063,0.17219823135907486,3alpha,0.1288317643049063,indirect
MACS1149,A8,A8-slow_pre,snapshot_5_median_|Δ|_vs_GR_kappa,0.029486726867030178,+,33.913564042203824,0.6064612374140487,0.12933998269438624,0.17169001296959494,3alpha,0.12933998269438624,indirect
MACS1149,A8,A8-slow_pre,snapshot_6_median_|Δ|_vs_GR_kappa,0.029509514378388644,+,33.8873756842421,0.6067967330565687,0.12967547833690624,0.17135451732707493,3alpha,0.12967547833690624,indirect
MACS1149,A8,A8-slow_pre,snapshot_7_median_|Δ|_vs_GR_kappa,0.029530259571334847,+,33.86356958984216,0.6071019348752957,0.12998068015563322,0.17104931550834798,3alpha,0.12998068015563322,indirect
MACS1149,A8,A8-slow_pre,snapshot_8_median_|Δ|_vs_GR_kappa,0.029544002118837745,+,33.84781777287998,0.6073039962294187,0.13018274150975617,0.17084725415422503,3alpha,0.13018274150975617,indirect
MACS1149,A8,A8-slow_pre,snapshot_9_median_|Δ|_vs_GR_kappa,0.029545928974476266,+,33.845610366960074,0.6073323199304638,0.13021106521080128,0.17081893045317992,3alpha,0.13021106521080128,indirect
MACS1149,A8,A8-slow_pre,snapshot_10_median_|Δ|_vs_GR_kappa,0.029542037936354182,+,33.85006823680936,0.6072751219432563,0.13015386722359382,0.17087612844038738,3alpha,0.13015386722359382,indirect
MACS1149,A8,A8-slow_pre,snapshot_11_median_|Δ|_vs_GR_kappa,0.02953546803708964,+,33.85759788008891,0.6071785277840411,0.1300572730643788,0.17097272259960242,3alpha,0.1300572730643788,indirect
MACS1149,A8,A8-slow_pre,snapshot_12_median_|Δ|_vs_GR_kappa,0.029542369151596755,+,33.84968872565694,0.6072799910774074,0.13015873635774486,0.17087125930623634,3alpha,0.13015873635774486,indirect
MACS1149,A8,A8-slow_pre,snapshot_13_median_|Δ|_vs_GR_kappa,0.029510099413147528,+,33.8867038704205,0.6068053429864272,0.12968408826676484,0.17134590739721633,3alpha,0.12968408826676484,indirect
MACS1149,A8,A8-slow_pre,snapshot_14_median_|Δ|_vs_GR_kappa,0.029474725351869922,+,33.92737296317363,0.6062844374308594,0.1291631827111969,0.17186681295278428,3alpha,0.1291631827111969,indirect
MACS1149,A8,A8-slow_pre,snapshot_15_median_|Δ|_vs_GR_kappa,0.029439016428367534,+,33.9685261711528,0.6057579663610435,0.12863671164138107,0.17239328402260012,3alpha,0.12863671164138107,indirect
MACS1149,A8,A8-slow_pre,snapshot_16_median_|Δ|_vs_GR_kappa,0.029448861935909634,+,33.95716962429066,0.6059031863878361,0.12878193166817375,0.17224806399580744,3alpha,0.12878193166817375,indirect
MACS1149,A8,A8-slow_pre,snapshot_17_median_|Δ|_vs_GR_kappa,0.029444419313048677,+,33.96229313840932,0.6058376642584377,0.12871640953877517,0.17231358612520606,3alpha,0.12871640953877517,indirect
MACS1149,A8,A8-slow_pre,snapshot_18_median_|Δ|_vs_GR_kappa,0.029442478517085334,+,33.96453187253596,0.6058090372799841,0.1286877825603218,0.1723422131036594,3alpha,0.1286877825603218,indirect
MACS1149,A8,A8-slow_pre,snapshot_19_median_|Δ|_vs_GR_kappa,0.029466664085025247,+,33.936654556977594,0.6061656426836344,0.12904438796397194,0.17198560770000923,3alpha,0.12904438796397194,indirect
MACS1149,A8,A8-fast_post,snapshot_0_median_|Δ|_vs_GR_kappa,0.029405462579936877,+,34.007286818956295,0.6052626861565116,0.12814143143684914,0.17288856422713203,3alpha,0.12814143143684914,indirect
MACS1149,A8,A8-fast_post,snapshot_1_median_|Δ|_vs_GR_kappa,0.029406299726015953,+,34.00631869079717,0.6052750499391448,0.1281537952194824,0.1728762004444988,3alpha,0.1281537952194824,indirect
MACS1149,A8,A8-fast_post,snapshot_2_median_|Δ|_vs_GR_kappa,0.029397204908157948,+,34.016839462261,0.6051407100127846,0.1280194552931221,0.1730105403708591,3alpha,0.1280194552931221,indirect
MACS1149,A8,A8-fast_post,snapshot_3_median_|Δ|_vs_GR_kappa,0.029434990855420683,+,33.973171757104254,0.6056985756655329,0.12857732094587046,0.17245267471811074,3alpha,0.12857732094587046,indirect
MACS1149,A8,A8-fast_post,snapshot_4_median_|Δ|_vs_GR_kappa,0.029502695574857164,+,33.89520789592601,0.6066963684451626,0.12957511372550023,0.17145488193848096,3alpha,0.12957511372550023,indirect
MACS1149,A8,A8-fast_post,snapshot_5_median_|Δ|_vs_GR_kappa,0.029562899987030652,+,33.8261808022455,0.6075817045803272,0.13046044986066482,0.17056954580331635,3alpha,0.13046044986066482,indirect
MACS1149,A8,A8-fast_post,snapshot_6_median_|Δ|_vs_GR_kappa,0.029555788653052882,+,33.83431962309379,0.6074772227932155,0.13035596807355304,0.17067402759042816,3alpha,0.13035596807355304,indirect
MACS1149,A8,A8-fast_post,snapshot_7_median_|Δ|_vs_GR_kappa,0.02961994060597281,+,33.76104001364377,0.6084188537767234,0.131297599057061,0.16973239660692016,3alpha,0.131297599057061,indirect
MACS1149,A8,A8-fast_post,snapshot_8_median_|Δ|_vs_GR_kappa,0.029610835286576563,+,33.77142151924801,0.6082853289345678,0.13116407421490534,0.16986592144907586,3alpha,0.13116407421490534,indirect
MACS1149,A8,A8-fast_post,snapshot_9_median_|Δ|_vs_GR_kappa,0.02957048515729723,+,33.81750399699566,0.6076931204108637,0.1305718656912012,0.17045812997278,3alpha,0.1305718656912012,indirect
MACS1149,A8,A8-fast_post,snapshot_10_median_|Δ|_vs_GR_kappa,0.02949624285182294,+,33.90262295518758,0.6066013707352744,0.12948011601561196,0.17154987964836926,3alpha,0.12948011601561196,indirect
MACS1149,A8,A8-fast_post,snapshot_11_median_|Δ|_vs_GR_kappa,0.029432858729014702,+,33.97563278534705,0.6056671163633917,0.12854586164372916,0.17248413402025203,3alpha,0.12854586164372916,indirect
MACS1149,A8,A8-fast_post,snapshot_12_median_|Δ|_vs_GR_kappa,0.02942678184825054,+,33.98264904252353,0.6055774401177825,0.12845618539811993,0.17257381026586124,3alpha,0.12845618539811993,indirect
MACS1149,A8,A8-fast_post,snapshot_13_median_|Δ|_vs_GR_kappa,0.029478112866936787,+,33.923474155688545,0.6063343478048795,0.12921309308521695,0.17181690257876425,3alpha,0.12921309308521695,indirect
MACS1149,A8,A8-fast_post,snapshot_14_median_|Δ|_vs_GR_kappa,0.02952367356817719,+,33.871123716727254,0.6070050652956093,0.12988381057594683,0.17114618508803436,3alpha,0.12988381057594683,indirect
MACS1149,A8,A8-fast_post,snapshot_15_median_|Δ|_vs_GR_kappa,0.02954587842673096,+,33.84566827078232,0.6073315769304498,0.1302103222107874,0.1708196734531938,3alpha,0.1302103222107874,indirect
MACS1149,A8,A8-fast_post,snapshot_16_median_|Δ|_vs_GR_kappa,0.029545586097190678,+,33.84600314613777,0.6073272799610899,0.13020602524142755,0.17082397042255365,3alpha,0.13020602524142755,indirect
MACS1149,A8,A8-fast_post,snapshot_17_median_|Δ|_vs_GR_kappa,0.029548103305796394,+,33.84311979861773,0.6073642791675693,0.13024302444790692,0.17078697121607428,3alpha,0.13024302444790692,indirect
MACS1149,A8,A8-fast_post,snapshot_18_median_|Δ|_vs_GR_kappa,0.029550209647442517,+,33.84070745794343,0.6073952368213023,0.13027398210163973,0.17075601356234146,3alpha,0.13027398210163973,indirect
MACS1149,A8,A8-fast_post,snapshot_19_median_|Δ|_vs_GR_kappa,0.029551909832535812,+,33.838760529075124,0.6074202234380576,0.13029896871839508,0.17073102694558612,3alpha,0.13029896871839508,indirect
MACS1149,A8,A8-slow_post,snapshot_0_median_|Δ|_vs_GR_kappa,0.029542363517444867,+,33.84969518127744,0.6072799082512367,0.13015865353157424,0.17087134213240696,3alpha,0.13015865353157424,indirect
MACS1149,A8,A8-slow_post,snapshot_1_median_|Δ|_vs_GR_kappa,0.02952562290627141,+,33.86888748035844,0.6070337391944882,0.12991248447482576,0.17111751118915544,3alpha,0.12991248447482576,indirect
MACS1149,A8,A8-slow_post,snapshot_2_median_|Δ|_vs_GR_kappa,0.029504453212738774,+,33.89318869221553,0.6067222409860014,0.129600986266339,0.17142900939764222,3alpha,0.129600986266339,indirect
MACS1149,A8,A8-slow_post,snapshot_3_median_|Δ|_vs_GR_kappa,0.029452241206652345,+,33.95327347020814,0.6059530190245688,0.1288317643049063,0.17219823135907486,3alpha,0.1288317643049063,indirect
MACS1149,A8,A8-slow_post,snapshot_4_median_|Δ|_vs_GR_kappa,0.029486726867030178,+,33.913564042203824,0.6064612374140487,0.12933998269438624,0.17169001296959494,3alpha,0.12933998269438624,indirect
MACS1149,A8,A8-slow_post,snapshot_5_median_|Δ|_vs_GR_kappa,0.029509514378388644,+,33.8873756842421,0.6067967330565687,0.12967547833690624,0.17135451732707493,3alpha,0.12967547833690624,indirect
MACS1149,A8,A8-slow_post,snapshot_6_median_|Δ|_vs_GR_kappa,0.029530259571334847,+,33.86356958984216,0.6071019348752957,0.12998068015563322,0.17104931550834798,3alpha,0.12998068015563322,indirect
MACS1149,A8,A8-slow_post,snapshot_7_median_|Δ|_vs_GR_kappa,0.029544002118837745,+,33.84781777287998,0.6073039962294187,0.13018274150975617,0.17084725415422503,3alpha,0.13018274150975617,indirect
MACS1149,A8,A8-slow_post,snapshot_8_median_|Δ|_vs_GR_kappa,0.029545928974476266,+,33.845610366960074,0.6073323199304638,0.13021106521080128,0.17081893045317992,3alpha,0.13021106521080128,indirect
MACS1149,A8,A8-slow_post,snapshot_9_median_|Δ|_vs_GR_kappa,0.029542037936354182,+,33.85006823680936,0.6072751219432563,0.13015386722359382,0.17087612844038738,3alpha,0.13015386722359382,indirect
MACS1149,A8,A8-slow_post,snapshot_10_median_|Δ|_vs_GR_kappa,0.02953546803708964,+,33.85759788008891,0.6071785277840411,0.1300572730643788,0.17097272259960242,3alpha,0.1300572730643788,indirect
MACS1149,A8,A8-slow_post,snapshot_11_median_|Δ|_vs_GR_kappa,0.029542369151596755,+,33.84968872565694,0.6072799910774074,0.13015873635774486,0.17087125930623634,3alpha,0.13015873635774486,indirect
MACS1149,A8,A8-slow_post,snapshot_12_median_|Δ|_vs_GR_kappa,0.029510099413147528,+,33.8867038704205,0.6068053429864272,0.12968408826676484,0.17134590739721633,3alpha,0.12968408826676484,indirect
MACS1149,A8,A8-slow_post,snapshot_13_median_|Δ|_vs_GR_kappa,0.029474725351869922,+,33.92737296317363,0.6062844374308594,0.1291631827111969,0.17186681295278428,3alpha,0.1291631827111969,indirect
MACS1149,A8,A8-slow_post,snapshot_14_median_|Δ|_vs_GR_kappa,0.029439016428367534,+,33.9685261711528,0.6057579663610435,0.12863671164138107,0.17239328402260012,3alpha,0.12863671164138107,indirect
MACS1149,A8,A8-slow_post,snapshot_15_median_|Δ|_vs_GR_kappa,0.029448861935909634,+,33.95716962429066,0.6059031863878361,0.12878193166817375,0.17224806399580744,3alpha,0.12878193166817375,indirect
MACS1149,A8,A8-slow_post,snapshot_16_median_|Δ|_vs_GR_kappa,0.029444419313048677,+,33.96229313840932,0.6058376642584377,0.12871640953877517,0.17231358612520606,3alpha,0.12871640953877517,indirect
MACS1149,A8,A8-slow_post,snapshot_17_median_|Δ|_vs_GR_kappa,0.029442478517085334,+,33.96453187253596,0.6058090372799841,0.1286877825603218,0.1723422131036594,3alpha,0.1286877825603218,indirect
MACS1149,A8,A8-slow_post,snapshot_18_median_|Δ|_vs_GR_kappa,0.029466664085025247,+,33.936654556977594,0.6061656426836344,0.12904438796397194,0.17198560770000923,3alpha,0.12904438796397194,indirect
MACS1149,A8,A8-slow_post,snapshot_19_median_|Δ|_vs_GR_kappa,0.029496887818625,+,33.90188165439533,0.6066108669433913,0.1294896122237288,0.1715403834402524,3alpha,0.1294896122237288,indirect
AbellS1063,C10,kappa,median_fractional_residual_vs_GR,-1.0524176744798321,-,-0.950193088019222,2.1590228035293983,1.681901548809736,1.3808715531457547,6alpha,1.3808715531457547,indirect
AbellS1063,C10,gamma1,median_fractional_residual_vs_GR,-1.0287866876055092,-,-0.972018798500873,2.149160006330088,1.6720387516104256,1.3710087559464443,6alpha,1.3710087559464443,indirect
AbellS1063,C10,gamma2,median_fractional_residual_vs_GR,-0.8870313039246018,-,-1.1273559293517341,2.084773617083001,1.6076523623633383,1.3066223666993573,6alpha,1.3066223666993573,indirect
AbellS1063,A8,kappa,median_fractional_residual_vs_GR,-0.3416214880480061,-,-2.927216334411247,1.6703798505105019,1.1932585957908395,0.8922286001268582,6alpha,0.8922286001268582,indirect
AbellS1063,A8,gamma1,median_fractional_residual_vs_GR,-0.685259670004406,-,-1.4593008224073223,1.9726898432173876,1.4955685884977252,1.194538592833744,6alpha,1.194538592833744,indirect
AbellS1063,A8,gamma2,median_fractional_residual_vs_GR,-0.464432556590501,-,-2.153165159956086,1.8037573264934028,1.3266360717737402,1.0256060761097592,6alpha,1.0256060761097592,indirect
AbellS1063,A8,A8-fast_pre,snapshot_0_median_|Δ|_vs_GR_kappa,0.03027748467267006,+,33.027842662988746,0.6179544633895132,0.1408332086698507,0.16019678699413048,3alpha,0.1408332086698507,indirect
AbellS1063,A8,A8-fast_pre,snapshot_1_median_|Δ|_vs_GR_kappa,0.03021474033827655,+,33.09642872334014,0.6170535367674569,0.13993228204779443,0.16109771361618674,3alpha,0.13993228204779443,indirect
AbellS1063,A8,A8-fast_pre,snapshot_2_median_|Δ|_vs_GR_kappa,0.030228741287044864,+,33.081099557015634,0.6172547341418217,0.14013347942215926,0.1608965162418219,3alpha,0.14013347942215926,indirect
AbellS1063,A8,A8-fast_pre,snapshot_3_median_|Δ|_vs_GR_kappa,0.03029459412076075,+,33.00918956081027,0.6181998087446612,0.1410785540249988,0.1599514416389824,3alpha,0.1410785540249988,indirect
AbellS1063,A8,A8-fast_pre,snapshot_4_median_|Δ|_vs_GR_kappa,0.03026970644643824,+,33.03632963106147,0.6178428796582907,0.14072162493862822,0.16030837072535298,3alpha,0.14072162493862822,indirect
AbellS1063,A8,A8-fast_pre,snapshot_5_median_|Δ|_vs_GR_kappa,0.0302399348866981,+,33.068854273223934,0.6174155221373648,0.14029426741770246,0.16073572824627874,3alpha,0.14029426741770246,indirect
AbellS1063,A8,A8-fast_pre,snapshot_6_median_|Δ|_vs_GR_kappa,0.030263055640211714,+,33.043589910044,0.6177474467602552,0.14062619204059276,0.16040380362338844,3alpha,0.14062619204059276,indirect
AbellS1063,A8,A8-fast_pre,snapshot_7_median_|Δ|_vs_GR_kappa,0.030232263903315394,+,33.07724499885488,0.617305340406308,0.14018408568664553,0.16084590997733567,3alpha,0.14018408568664553,indirect
AbellS1063,A8,A8-fast_pre,snapshot_8_median_|Δ|_vs_GR_kappa,0.03025737334688336,+,33.04979545103192,0.617665894508045,0.14054463978838255,0.16048535587559862,3alpha,0.14054463978838255,indirect
AbellS1063,A8,A8-fast_pre,snapshot_9_median_|Δ|_vs_GR_kappa,0.030283024732456462,+,33.02180045866519,0.6180339216842005,0.140912666964538,0.16011732869944317,3alpha,0.140912666964538,indirect
AbellS1063,A8,A8-fast_pre,snapshot_10_median_|Δ|_vs_GR_kappa,0.03024640107872055,+,33.061784686295674,0.6175083772088501,0.14038712248918767,0.16064287317479353,3alpha,0.14038712248918767,indirect
AbellS1063,A8,A8-fast_pre,snapshot_11_median_|Δ|_vs_GR_kappa,0.030175622998563485,+,33.13933236929707,0.616490915639801,0.13936966092013858,0.16166033474384262,3alpha,0.13936966092013858,indirect
AbellS1063,A8,A8-fast_pre,snapshot_12_median_|Δ|_vs_GR_kappa,0.030124250997929383,+,33.19584609983285,0.615750927964247,0.13862967324458447,0.1624003224193967,3alpha,0.13862967324458447,indirect
AbellS1063,A8,A8-fast_pre,snapshot_13_median_|Δ|_vs_GR_kappa,0.0301099525230652,+,33.21160998955304,0.6155447411638314,0.1384234864441689,0.1626065092198123,3alpha,0.1384234864441689,indirect
AbellS1063,A8,A8-fast_pre,snapshot_14_median_|Δ|_vs_GR_kappa,0.03009448228929706,+,33.228682599921136,0.6153215470643245,0.13820029234466208,0.1628297033193191,3alpha,0.13820029234466208,indirect
AbellS1063,A8,A8-fast_pre,snapshot_15_median_|Δ|_vs_GR_kappa,0.0300760897185613,+,33.24900309041355,0.615056042118608,0.13793478739894552,0.16309520826503565,3alpha,0.13793478739894552,indirect
AbellS1063,A8,A8-fast_pre,snapshot_16_median_|Δ|_vs_GR_kappa,0.030050518014657142,+,33.277296568140684,0.61468663326663,0.13756537854696754,0.16346461711701366,3alpha,0.13756537854696754,indirect
AbellS1063,A8,A8-fast_pre,snapshot_17_median_|Δ|_vs_GR_kappa,0.030018033688365073,+,33.31330793954029,0.6142169111031253,0.13709565638346288,0.16393433928051832,3alpha,0.13709565638346288,indirect
AbellS1063,A8,A8-fast_pre,snapshot_18_median_|Δ|_vs_GR_kappa,0.030016161919466773,+,33.31538531418492,0.6141898299072848,0.13706857518762228,0.1639614204763589,3alpha,0.13706857518762228,indirect
AbellS1063,A8,A8-fast_pre,snapshot_19_median_|Δ|_vs_GR_kappa,0.030035402790395852,+,33.29404326549471,0.6144681308773872,0.1373468761577247,0.1636831195062565,3alpha,0.1373468761577247,indirect
AbellS1063,A8,A8-slow_pre,snapshot_0_median_|Δ|_vs_GR_kappa,0.03072686706918709,+,32.544808351216524,0.6243529520131972,0.1472316972935347,0.1537982983704465,3alpha,0.1472316972935347,indirect
AbellS1063,A8,A8-slow_pre,snapshot_1_median_|Δ|_vs_GR_kappa,0.030635272212093827,+,32.642112434216656,0.6230564140822613,0.1459351593625989,0.15509483630138227,3alpha,0.1459351593625989,indirect
AbellS1063,A8,A8-slow_pre,snapshot_2_median_|Δ|_vs_GR_kappa,0.03057861060394022,+,32.702597673654424,0.6222524189866128,0.14513116426695036,0.15589883139703084,3alpha,0.14513116426695036,indirect
AbellS1063,A8,A8-slow_pre,snapshot_3_median_|Δ|_vs_GR_kappa,0.03050968077567386,+,32.77648190922159,0.6212723340608968,0.14415107934123433,0.15687891632274686,3alpha,0.14415107934123433,indirect
AbellS1063,A8,A8-slow_pre,snapshot_4_median_|Δ|_vs_GR_kappa,0.030508058559090348,+,32.77822474554136,0.6212492417694249,0.1441279870497624,0.1569020086142188,3alpha,0.1441279870497624,indirect
AbellS1063,A8,A8-slow_pre,snapshot_5_median_|Δ|_vs_GR_kappa,0.03046339854150308,+,32.82627834965978,0.6206130226731171,0.1434917679534547,0.15753822771052647,3alpha,0.1434917679534547,indirect
AbellS1063,A8,A8-slow_pre,snapshot_6_median_|Δ|_vs_GR_kappa,0.030425723127662944,+,32.866926311138485,0.6200755793343472,0.14295432461468469,0.15807567104929648,3alpha,0.14295432461468469,indirect
AbellS1063,A8,A8-slow_pre,snapshot_7_median_|Δ|_vs_GR_kappa,0.030390038921631286,+,32.90551889646351,0.6195659267368312,0.14244467201716876,0.1585853236468124,3alpha,0.14244467201716876,indirect
AbellS1063,A8,A8-slow_pre,snapshot_8_median_|Δ|_vs_GR_kappa,0.030312685166563866,+,32.98948920246237,0.6184590793039039,0.14133782458424143,0.15969217107973974,3alpha,0.14133782458424143,indirect
AbellS1063,A8,A8-slow_pre,snapshot_9_median_|Δ|_vs_GR_kappa,0.03029935762774876,+,33.00400002817815,0.618268091625839,0.1411468369061764,0.15988315875780476,3alpha,0.1411468369061764,indirect
AbellS1063,A8,A8-slow_pre,snapshot_10_median_|Δ|_vs_GR_kappa,0.030261337982798696,+,33.045465490270956,0.6177227965624813,0.1406015418428189,0.1604284538211623,3alpha,0.1406015418428189,indirect
AbellS1063,A8,A8-slow_pre,snapshot_11_median_|Δ|_vs_GR_kappa,0.030242117872758174,+,33.0664672430495,0.6174468722241135,0.14032561750445108,0.16070437815953015,3alpha,0.14032561750445108,indirect
AbellS1063,A8,A8-slow_pre,snapshot_12_median_|Δ|_vs_GR_kappa,0.030226225039430045,+,33.08385346484724,0.6172185818611655,0.140097327141503,0.1609326685224782,3alpha,0.140097327141503,indirect
AbellS1063,A8,A8-slow_pre,snapshot_13_median_|Δ|_vs_GR_kappa,0.030180963602388346,+,33.133468274050266,0.6165677720330414,0.13944651731337884,0.16158347835060236,3alpha,0.13944651731337884,indirect
AbellS1063,A8,A8-slow_pre,snapshot_14_median_|Δ|_vs_GR_kappa,0.0301376419867483,+,33.18109626624757,0.6159439399112325,0.1388226851915701,0.16220731047241108,3alpha,0.1388226851915701,indirect
AbellS1063,A8,A8-slow_pre,snapshot_15_median_|Δ|_vs_GR_kappa,0.030163433279701002,+,33.15272471562337,0.6163154429679868,0.13919418824832436,0.16183580741565684,3alpha,0.13919418824832436,indirect
AbellS1063,A8,A8-slow_pre,snapshot_16_median_|Δ|_vs_GR_kappa,0.03014590278699006,+,33.17200374014229,0.6160629647627744,0.13894171004311204,0.16208828562086916,3alpha,0.13894171004311204,indirect
AbellS1063,A8,A8-slow_pre,snapshot_17_median_|Δ|_vs_GR_kappa,0.030159989154782185,+,33.15651059647146,0.6162658514697433,0.13914459675008078,0.1618853989139004,3alpha,0.13914459675008078,indirect
AbellS1063,A8,A8-slow_pre,snapshot_18_median_|Δ|_vs_GR_kappa,0.030197767544684794,+,33.11503072272683,0.616809508136578,0.13968825341691543,0.16134174224706577,3alpha,0.13968825341691543,indirect
AbellS1063,A8,A8-slow_pre,snapshot_19_median_|Δ|_vs_GR_kappa,0.03018919837112743,+,33.124430390850904,0.6166862515775183,0.1395649968578559,0.1614649988061253,3alpha,0.1395649968578559,indirect
AbellS1063,A8,A8-fast_post,snapshot_0_median_|Δ|_vs_GR_kappa,0.03021474033827655,+,33.09642872334014,0.6170535367674569,0.13993228204779443,0.16109771361618674,3alpha,0.13993228204779443,indirect
AbellS1063,A8,A8-fast_post,snapshot_1_median_|Δ|_vs_GR_kappa,0.030228741287044864,+,33.081099557015634,0.6172547341418217,0.14013347942215926,0.1608965162418219,3alpha,0.14013347942215926,indirect
AbellS1063,A8,A8-fast_post,snapshot_2_median_|Δ|_vs_GR_kappa,0.03029459412076075,+,33.00918956081027,0.6181998087446612,0.1410785540249988,0.1599514416389824,3alpha,0.1410785540249988,indirect
AbellS1063,A8,A8-fast_post,snapshot_3_median_|Δ|_vs_GR_kappa,0.03026970644643824,+,33.03632963106147,0.6178428796582907,0.14072162493862822,0.16030837072535298,3alpha,0.14072162493862822,indirect
AbellS1063,A8,A8-fast_post,snapshot_4_median_|Δ|_vs_GR_kappa,0.0302399348866981,+,33.068854273223934,0.6174155221373648,0.14029426741770246,0.16073572824627874,3alpha,0.14029426741770246,indirect
AbellS1063,A8,A8-fast_post,snapshot_5_median_|Δ|_vs_GR_kappa,0.030263055640211714,+,33.043589910044,0.6177474467602552,0.14062619204059276,0.16040380362338844,3alpha,0.14062619204059276,indirect
AbellS1063,A8,A8-fast_post,snapshot_6_median_|Δ|_vs_GR_kappa,0.030232263903315394,+,33.07724499885488,0.617305340406308,0.14018408568664553,0.16084590997733567,3alpha,0.14018408568664553,indirect
AbellS1063,A8,A8-fast_post,snapshot_7_median_|Δ|_vs_GR_kappa,0.03025737334688336,+,33.04979545103192,0.617665894508045,0.14054463978838255,0.16048535587559862,3alpha,0.14054463978838255,indirect
AbellS1063,A8,A8-fast_post,snapshot_8_median_|Δ|_vs_GR_kappa,0.030283024732456462,+,33.02180045866519,0.6180339216842005,0.140912666964538,0.16011732869944317,3alpha,0.140912666964538,indirect
AbellS1063,A8,A8-fast_post,snapshot_9_median_|Δ|_vs_GR_kappa,0.03024640107872055,+,33.061784686295674,0.6175083772088501,0.14038712248918767,0.16064287317479353,3alpha,0.14038712248918767,indirect
AbellS1063,A8,A8-fast_post,snapshot_10_median_|Δ|_vs_GR_kappa,0.030175622998563485,+,33.13933236929707,0.616490915639801,0.13936966092013858,0.16166033474384262,3alpha,0.13936966092013858,indirect
AbellS1063,A8,A8-fast_post,snapshot_11_median_|Δ|_vs_GR_kappa,0.030124250997929383,+,33.19584609983285,0.615750927964247,0.13862967324458447,0.1624003224193967,3alpha,0.13862967324458447,indirect
AbellS1063,A8,A8-fast_post,snapshot_12_median_|Δ|_vs_GR_kappa,0.0301099525230652,+,33.21160998955304,0.6155447411638314,0.1384234864441689,0.1626065092198123,3alpha,0.1384234864441689,indirect
AbellS1063,A8,A8-fast_post,snapshot_13_median_|Δ|_vs_GR_kappa,0.03009448228929706,+,33.228682599921136,0.6153215470643245,0.13820029234466208,0.1628297033193191,3alpha,0.13820029234466208,indirect
AbellS1063,A8,A8-fast_post,snapshot_14_median_|Δ|_vs_GR_kappa,0.0300760897185613,+,33.24900309041355,0.615056042118608,0.13793478739894552,0.16309520826503565,3alpha,0.13793478739894552,indirect
AbellS1063,A8,A8-fast_post,snapshot_15_median_|Δ|_vs_GR_kappa,0.030050518014657142,+,33.277296568140684,0.61468663326663,0.13756537854696754,0.16346461711701366,3alpha,0.13756537854696754,indirect
AbellS1063,A8,A8-fast_post,snapshot_16_median_|Δ|_vs_GR_kappa,0.030018033688365073,+,33.31330793954029,0.6142169111031253,0.13709565638346288,0.16393433928051832,3alpha,0.13709565638346288,indirect
AbellS1063,A8,A8-fast_post,snapshot_17_median_|Δ|_vs_GR_kappa,0.030016161919466773,+,33.31538531418492,0.6141898299072848,0.13706857518762228,0.1639614204763589,3alpha,0.13706857518762228,indirect
AbellS1063,A8,A8-fast_post,snapshot_18_median_|Δ|_vs_GR_kappa,0.030035402790395852,+,33.29404326549471,0.6144681308773872,0.1373468761577247,0.1636831195062565,3alpha,0.1373468761577247,indirect
AbellS1063,A8,A8-fast_post,snapshot_19_median_|Δ|_vs_GR_kappa,0.030045526006510732,+,33.28282552894246,0.61461448204164,0.13749322732197763,0.16353676834200356,3alpha,0.13749322732197763,indirect
AbellS1063,A8,A8-slow_post,snapshot_0_median_|Δ|_vs_GR_kappa,0.030635272212093827,+,32.642112434216656,0.6230564140822613,0.1459351593625989,0.15509483630138227,3alpha,0.1459351593625989,indirect
AbellS1063,A8,A8-slow_post,snapshot_1_median_|Δ|_vs_GR_kappa,0.03057861060394022,+,32.702597673654424,0.6222524189866128,0.14513116426695036,0.15589883139703084,3alpha,0.14513116426695036,indirect
AbellS1063,A8,A8-slow_post,snapshot_2_median_|Δ|_vs_GR_kappa,0.03050968077567386,+,32.77648190922159,0.6212723340608968,0.14415107934123433,0.15687891632274686,3alpha,0.14415107934123433,indirect
AbellS1063,A8,A8-slow_post,snapshot_3_median_|Δ|_vs_GR_kappa,0.030508058559090348,+,32.77822474554136,0.6212492417694249,0.1441279870497624,0.1569020086142188,3alpha,0.1441279870497624,indirect
AbellS1063,A8,A8-slow_post,snapshot_4_median_|Δ|_vs_GR_kappa,0.03046339854150308,+,32.82627834965978,0.6206130226731171,0.1434917679534547,0.15753822771052647,3alpha,0.1434917679534547,indirect
AbellS1063,A8,A8-slow_post,snapshot_5_median_|Δ|_vs_GR_kappa,0.030425723127662944,+,32.866926311138485,0.6200755793343472,0.14295432461468469,0.15807567104929648,3alpha,0.14295432461468469,indirect
AbellS1063,A8,A8-slow_post,snapshot_6_median_|Δ|_vs_GR_kappa,0.030390038921631286,+,32.90551889646351,0.6195659267368312,0.14244467201716876,0.1585853236468124,3alpha,0.14244467201716876,indirect
AbellS1063,A8,A8-slow_post,snapshot_7_median_|Δ|_vs_GR_kappa,0.030312685166563866,+,32.98948920246237,0.6184590793039039,0.14133782458424143,0.15969217107973974,3alpha,0.14133782458424143,indirect
AbellS1063,A8,A8-slow_post,snapshot_8_median_|Δ|_vs_GR_kappa,0.03029935762774876,+,33.00400002817815,0.618268091625839,0.1411468369061764,0.15988315875780476,3alpha,0.1411468369061764,indirect
AbellS1063,A8,A8-slow_post,snapshot_9_median_|Δ|_vs_GR_kappa,0.030261337982798696,+,33.045465490270956,0.6177227965624813,0.1406015418428189,0.1604284538211623,3alpha,0.1406015418428189,indirect
AbellS1063,A8,A8-slow_post,snapshot_10_median_|Δ|_vs_GR_kappa,0.030242117872758174,+,33.0664672430495,0.6174468722241135,0.14032561750445108,0.16070437815953015,3alpha,0.14032561750445108,indirect
AbellS1063,A8,A8-slow_post,snapshot_11_median_|Δ|_vs_GR_kappa,0.030226225039430045,+,33.08385346484724,0.6172185818611655,0.140097327141503,0.1609326685224782,3alpha,0.140097327141503,indirect
AbellS1063,A8,A8-slow_post,snapshot_12_median_|Δ|_vs_GR_kappa,0.030180963602388346,+,33.133468274050266,0.6165677720330414,0.13944651731337884,0.16158347835060236,3alpha,0.13944651731337884,indirect
AbellS1063,A8,A8-slow_post,snapshot_13_median_|Δ|_vs_GR_kappa,0.0301376419867483,+,33.18109626624757,0.6159439399112325,0.1388226851915701,0.16220731047241108,3alpha,0.1388226851915701,indirect
AbellS1063,A8,A8-slow_post,snapshot_14_median_|Δ|_vs_GR_kappa,0.030163433279701002,+,33.15272471562337,0.6163154429679868,0.13919418824832436,0.16183580741565684,3alpha,0.13919418824832436,indirect
AbellS1063,A8,A8-slow_post,snapshot_15_median_|Δ|_vs_GR_kappa,0.03014590278699006,+,33.17200374014229,0.6160629647627744,0.13894171004311204,0.16208828562086916,3alpha,0.13894171004311204,indirect
AbellS1063,A8,A8-slow_post,snapshot_16_median_|Δ|_vs_GR_kappa,0.030159989154782185,+,33.15651059647146,0.6162658514697433,0.13914459675008078,0.1618853989139004,3alpha,0.13914459675008078,indirect
AbellS1063,A8,A8-slow_post,snapshot_17_median_|Δ|_vs_GR_kappa,0.030197767544684794,+,33.11503072272683,0.616809508136578,0.13968825341691543,0.16134174224706577,3alpha,0.13968825341691543,indirect
AbellS1063,A8,A8-slow_post,snapshot_18_median_|Δ|_vs_GR_kappa,0.03018919837112743,+,33.124430390850904,0.6166862515775183,0.1395649968578559,0.1614649988061253,3alpha,0.1395649968578559,indirect
AbellS1063,A8,A8-slow_post,snapshot_19_median_|Δ|_vs_GR_kappa,0.030171181305253342,+,33.14421102318198,0.6164269850664877,0.13930573034682522,0.16172426531715597,3alpha,0.13930573034682522,indirect
Abell370,C10,kappa,median_fractional_residual_vs_GR,-1.1550976117461609,-,-0.8657277011319418,2.199453356357517,1.7223321016378546,1.4213021059738733,6alpha,1.4213021059738733,indirect
Abell370,C10,gamma1,median_fractional_residual_vs_GR,-1.0772431432667828,-,-0.9282955349963613,2.169148408892076,1.6920271541724137,1.3909971585084324,6alpha,1.3909971585084324,indirect
Abell370,C10,gamma2,median_fractional_residual_vs_GR,-0.9612353902932489,-,-1.0403279052126087,2.1196644225072423,1.6425431677875797,1.3415131721235984,6alpha,1.3415131721235984,indirect
Abell370,A8,kappa,median_fractional_residual_vs_GR,0.43251364674834714,+,2.3120657753068263,1.7728344853943434,1.2957132306746808,0.9946832350106997,6alpha,0.9946832350106997,indirect
Abell370,A8,gamma1,median_fractional_residual_vs_GR,-0.4299318665079652,-,-2.3259499420740735,1.7702343066143618,1.2931130518946994,0.9920830562307181,6alpha,0.9920830562307181,indirect
Abell370,A8,gamma2,median_fractional_residual_vs_GR,-0.5906285464861012,-,-1.693111526609106,1.908149104064041,1.4310278493443784,1.1299978536803972,6alpha,1.1299978536803972,indirect
Abell370,A8,A8-fast_pre,snapshot_0_median_|Δ|_vs_GR_kappa,0.06023626861098189,+,16.60129392240751,0.9166927317092243,0.4395714769895617,0.13854148132558053,6alpha,0.13854148132558053,indirect
Abell370,A8,A8-fast_pre,snapshot_1_median_|Δ|_vs_GR_kappa,0.06032357698967735,+,16.577266301219527,0.9173217562991464,0.44020050157948387,0.1391705059155027,6alpha,0.1391705059155027,indirect
Abell370,A8,A8-fast_pre,snapshot_2_median_|Δ|_vs_GR_kappa,0.06028800161455701,+,16.5870483880584,0.9170655588472391,0.43994430412757657,0.13891430846359537,6alpha,0.13891430846359537,indirect
Abell370,A8,A8-fast_pre,snapshot_3_median_|Δ|_vs_GR_kappa,0.06038114990479121,+,16.561460018181116,0.9177360499540921,0.4406147952344296,0.1395847995704484,6alpha,0.1395847995704484,indirect
Abell370,A8,A8-fast_pre,snapshot_4_median_|Δ|_vs_GR_kappa,0.060274942625188975,+,16.59064208851024,0.9169714760910537,0.4398502213713912,0.13882022570740998,6alpha,0.13882022570740998,indirect
Abell370,A8,A8-fast_pre,snapshot_5_median_|Δ|_vs_GR_kappa,0.06023141373507969,+,16.602632048425335,0.9166577273698905,0.43953647265022805,0.13850647698624685,6alpha,0.13850647698624685,indirect
Abell370,A8,A8-fast_pre,snapshot_6_median_|Δ|_vs_GR_kappa,0.06024507795743261,+,16.598866395468363,0.9167562411348492,0.43963498641518667,0.13860499075120547,6alpha,0.13860499075120547,indirect
Abell370,A8,A8-fast_pre,snapshot_7_median_|Δ|_vs_GR_kappa,0.06026974416278842,+,16.592073085609965,0.9169340183880806,0.43981276366841815,0.13878276800443698,6alpha,0.13878276800443698,indirect
Abell370,A8,A8-fast_pre,snapshot_8_median_|Δ|_vs_GR_kappa,0.060304029742431195,+,16.582639738524453,0.9171810047428535,0.4400597500231911,0.13902975435920986,6alpha,0.13902975435920986,indirect
Abell370,A8,A8-fast_pre,snapshot_9_median_|Δ|_vs_GR_kappa,0.06035776493196679,+,16.56787657937907,0.9175678197725002,0.44044656505283775,0.13941656938885655,6alpha,0.13941656938885655,indirect
Abell370,A8,A8-fast_pre,snapshot_10_median_|Δ|_vs_GR_kappa,0.06038778838249006,+,16.559639403683782,0.9177837949169383,0.4406625401972758,0.13963254453329463,6alpha,0.13963254453329463,indirect
Abell370,A8,A8-fast_pre,snapshot_11_median_|Δ|_vs_GR_kappa,0.06031420776132851,+,16.57984141907551,0.9172542980946017,0.4401330433749392,0.13910304771095802,6alpha,0.13910304771095802,indirect
Abell370,A8,A8-fast_pre,snapshot_12_median_|Δ|_vs_GR_kappa,0.06031243850748208,+,16.580327785551976,0.9172415583359097,0.4401203036162472,0.13909030795226598,6alpha,0.13909030795226598,indirect
Abell370,A8,A8-fast_pre,snapshot_13_median_|Δ|_vs_GR_kappa,0.06025320234644315,+,16.596628246416046,0.9168148042498174,0.43969354953015494,0.13866355386617377,6alpha,0.13866355386617377,indirect
Abell370,A8,A8-fast_pre,snapshot_14_median_|Δ|_vs_GR_kappa,0.060210502656259206,+,16.60839813460758,0.9165069232892892,0.4393856685696267,0.1383556729056455,6alpha,0.1383556729056455,indirect
Abell370,A8,A8-fast_pre,snapshot_15_median_|Δ|_vs_GR_kappa,0.06023467680419213,+,16.601732640663947,0.9166812548688507,0.43956000014918817,0.138530004485207,6alpha,0.138530004485207,indirect
Abell370,A8,A8-fast_pre,snapshot_16_median_|Δ|_vs_GR_kappa,0.060174676761143256,+,16.618286193200333,0.9162484365039105,0.43912718178424803,0.13809718612026686,6alpha,0.13809718612026686,indirect
Abell370,A8,A8-fast_pre,snapshot_17_median_|Δ|_vs_GR_kappa,0.06016050278164486,+,16.622201507017706,0.9161461275841978,0.4390248728645353,0.13799487720055412,6alpha,0.13799487720055412,indirect
Abell370,A8,A8-fast_pre,snapshot_18_median_|Δ|_vs_GR_kappa,0.060124546524934,+,16.632142075039088,0.9158864842713412,0.43876522955167874,0.13773523388769754,6alpha,0.13773523388769754,indirect
Abell370,A8,A8-fast_pre,snapshot_19_median_|Δ|_vs_GR_kappa,0.0600871650638409,+,16.64248927266794,0.9156163847513038,0.43849513003164137,0.13746513436766017,6alpha,0.13746513436766017,indirect
Abell370,A8,A8-slow_pre,snapshot_0_median_|Δ|_vs_GR_kappa,0.06013731897189556,+,16.62860960707839,0.9159787330192506,0.4388574782995881,0.13782748263560687,6alpha,0.13782748263560687,indirect
Abell370,A8,A8-slow_pre,snapshot_1_median_|Δ|_vs_GR_kappa,0.060117816284779586,+,16.63400405734924,0.9158378673597021,0.43871661264003964,0.13768661697605844,6alpha,0.13768661697605844,indirect
Abell370,A8,A8-slow_pre,snapshot_2_median_|Δ|_vs_GR_kappa,0.06011258603956372,+,16.635451340287368,0.9158000821307788,0.43867882741111636,0.13764883174713516,6alpha,0.13764883174713516,indirect
Abell370,A8,A8-slow_pre,snapshot_3_median_|Δ|_vs_GR_kappa,0.06013776403876314,+,16.628486542257,0.9159819471527157,0.43886069243305337,0.13783069676907214,6alpha,0.13783069676907214,indirect
Abell370,A8,A8-slow_pre,snapshot_4_median_|Δ|_vs_GR_kappa,0.06020352842782166,+,16.610322120885414,0.9164566157146307,0.43933536099496817,0.13830536533098695,6alpha,0.13830536533098695,indirect
Abell370,A8,A8-slow_pre,snapshot_5_median_|Δ|_vs_GR_kappa,0.060279746607870784,+,16.58931990051579,0.9170060884845531,0.4398848337648907,0.13885483810090948,6alpha,0.13885483810090948,indirect
Abell370,A8,A8-slow_pre,snapshot_6_median_|Δ|_vs_GR_kappa,0.0602619148613128,+,16.594228747981326,0.9168775979843405,0.439756343264678,0.1387263476006968,6alpha,0.1387263476006968,indirect
Abell370,A8,A8-slow_pre,snapshot_7_median_|Δ|_vs_GR_kappa,0.06022773732477252,+,16.603645503193857,0.9166312180562175,0.43950996333655507,0.13847996767257387,6alpha,0.13847996767257387,indirect
Abell370,A8,A8-slow_pre,snapshot_8_median_|Δ|_vs_GR_kappa,0.060239188212768274,+,16.60048931051233,0.9167137810910461,0.4395925263713837,0.1385625307074025,6alpha,0.1385625307074025,indirect
Abell370,A8,A8-slow_pre,snapshot_9_median_|Δ|_vs_GR_kappa,0.06029953685378906,+,16.583875302802806,0.9171486468814559,0.44002739216179354,0.13899739649781231,6alpha,0.13899739649781231,indirect
Abell370,A8,A8-slow_pre,snapshot_10_median_|Δ|_vs_GR_kappa,0.06033560259767112,+,16.573962253566666,0.9174083250165599,0.44028707029689734,0.13925707463291614,6alpha,0.13925707463291614,indirect
Abell370,A8,A8-slow_pre,snapshot_11_median_|Δ|_vs_GR_kappa,0.06036946286182805,+,16.564666183775266,0.9176519821689567,0.4405307274492942,0.13950073178531303,6alpha,0.13950073178531303,indirect
Abell370,A8,A8-slow_pre,snapshot_12_median_|Δ|_vs_GR_kappa,0.060394673429003384,+,16.557751590056107,0.9178333076966378,0.44071205297697547,0.13968205731299424,6alpha,0.13968205731299424,indirect
Abell370,A8,A8-slow_pre,snapshot_13_median_|Δ|_vs_GR_kappa,0.060387096964494624,+,16.559829007643188,0.9177788223761779,0.4406575676565154,0.13962757199253423,6alpha,0.13962757199253423,indirect
Abell370,A8,A8-slow_pre,snapshot_14_median_|Δ|_vs_GR_kappa,0.06037454320280805,+,16.56327231563202,0.9176885283152544,0.4405672735955919,0.13953727793161072,6alpha,0.13953727793161072,indirect
Abell370,A8,A8-slow_pre,snapshot_15_median_|Δ|_vs_GR_kappa,0.060346848709261075,+,16.570873564878227,0.91748926676356,0.4403680120438975,0.13933801637991633,6alpha,0.13933801637991633,indirect
Abell370,A8,A8-slow_pre,snapshot_16_median_|Δ|_vs_GR_kappa,0.060401136418080925,+,16.55597989213747,0.9178797801777481,0.4407585254580856,0.13972852979410438,6alpha,0.13972852979410438,indirect
Abell370,A8,A8-slow_pre,snapshot_17_median_|Δ|_vs_GR_kappa,0.06041148280009448,+,16.553144429661906,0.9179541660598888,0.4408329113402263,0.13980291567624512,6alpha,0.13980291567624512,indirect
Abell370,A8,A8-slow_pre,snapshot_18_median_|Δ|_vs_GR_kappa,0.060438210270511036,+,16.54582416527842,0.9181462657303383,0.4410250110106759,0.1399950153466947,6alpha,0.1399950153466947,indirect
Abell370,A8,A8-slow_pre,snapshot_19_median_|Δ|_vs_GR_kappa,0.060405633674395685,+,16.554747283842715,0.9179121150146221,0.4407908602949596,0.13976086463097845,6alpha,0.13976086463097845,indirect
Abell370,A8,A8-fast_post,snapshot_0_median_|Δ|_vs_GR_kappa,0.06032357698967735,+,16.577266301219527,0.9173217562991464,0.44020050157948387,0.1391705059155027,6alpha,0.1391705059155027,indirect
Abell370,A8,A8-fast_post,snapshot_1_median_|Δ|_vs_GR_kappa,0.06028800161455701,+,16.5870483880584,0.9170655588472391,0.43994430412757657,0.13891430846359537,6alpha,0.13891430846359537,indirect
Abell370,A8,A8-fast_post,snapshot_2_median_|Δ|_vs_GR_kappa,0.06038114990479121,+,16.561460018181116,0.9177360499540921,0.4406147952344296,0.1395847995704484,6alpha,0.1395847995704484,indirect
Abell370,A8,A8-fast_post,snapshot_3_median_|Δ|_vs_GR_kappa,0.060274942625188975,+,16.59064208851024,0.9169714760910537,0.4398502213713912,0.13882022570740998,6alpha,0.13882022570740998,indirect
Abell370,A8,A8-fast_post,snapshot_4_median_|Δ|_vs_GR_kappa,0.06023141373507969,+,16.602632048425335,0.9166577273698905,0.43953647265022805,0.13850647698624685,6alpha,0.13850647698624685,indirect
Abell370,A8,A8-fast_post,snapshot_5_median_|Δ|_vs_GR_kappa,0.06024507795743261,+,16.598866395468363,0.9167562411348492,0.43963498641518667,0.13860499075120547,6alpha,0.13860499075120547,indirect
Abell370,A8,A8-fast_post,snapshot_6_median_|Δ|_vs_GR_kappa,0.06026974416278842,+,16.592073085609965,0.9169340183880806,0.43981276366841815,0.13878276800443698,6alpha,0.13878276800443698,indirect
Abell370,A8,A8-fast_post,snapshot_7_median_|Δ|_vs_GR_kappa,0.060304029742431195,+,16.582639738524453,0.9171810047428535,0.4400597500231911,0.13902975435920986,6alpha,0.13902975435920986,indirect
Abell370,A8,A8-fast_post,snapshot_8_median_|Δ|_vs_GR_kappa,0.06035776493196679,+,16.56787657937907,0.9175678197725002,0.44044656505283775,0.13941656938885655,6alpha,0.13941656938885655,indirect
Abell370,A8,A8-fast_post,snapshot_9_median_|Δ|_vs_GR_kappa,0.06038778838249006,+,16.559639403683782,0.9177837949169383,0.4406625401972758,0.13963254453329463,6alpha,0.13963254453329463,indirect
Abell370,A8,A8-fast_post,snapshot_10_median_|Δ|_vs_GR_kappa,0.06031420776132851,+,16.57984141907551,0.9172542980946017,0.4401330433749392,0.13910304771095802,6alpha,0.13910304771095802,indirect
Abell370,A8,A8-fast_post,snapshot_11_median_|Δ|_vs_GR_kappa,0.06031243850748208,+,16.580327785551976,0.9172415583359097,0.4401203036162472,0.13909030795226598,6alpha,0.13909030795226598,indirect
Abell370,A8,A8-fast_post,snapshot_12_median_|Δ|_vs_GR_kappa,0.06025320234644315,+,16.596628246416046,0.9168148042498174,0.43969354953015494,0.13866355386617377,6alpha,0.13866355386617377,indirect
Abell370,A8,A8-fast_post,snapshot_13_median_|Δ|_vs_GR_kappa,0.060210502656259206,+,16.60839813460758,0.9165069232892892,0.4393856685696267,0.1383556729056455,6alpha,0.1383556729056455,indirect
Abell370,A8,A8-fast_post,snapshot_14_median_|Δ|_vs_GR_kappa,0.06023467680419213,+,16.601732640663947,0.9166812548688507,0.43956000014918817,0.138530004485207,6alpha,0.138530004485207,indirect
Abell370,A8,A8-fast_post,snapshot_15_median_|Δ|_vs_GR_kappa,0.060174676761143256,+,16.618286193200333,0.9162484365039105,0.43912718178424803,0.13809718612026686,6alpha,0.13809718612026686,indirect
Abell370,A8,A8-fast_post,snapshot_16_median_|Δ|_vs_GR_kappa,0.06016050278164486,+,16.622201507017706,0.9161461275841978,0.4390248728645353,0.13799487720055412,6alpha,0.13799487720055412,indirect
Abell370,A8,A8-fast_post,snapshot_17_median_|Δ|_vs_GR_kappa,0.060124546524934,+,16.632142075039088,0.9158864842713412,0.43876522955167874,0.13773523388769754,6alpha,0.13773523388769754,indirect
Abell370,A8,A8-fast_post,snapshot_18_median_|Δ|_vs_GR_kappa,0.0600871650638409,+,16.64248927266794,0.9156163847513038,0.43849513003164137,0.13746513436766017,6alpha,0.13746513436766017,indirect
Abell370,A8,A8-fast_post,snapshot_19_median_|Δ|_vs_GR_kappa,0.06001705193668873,+,16.661931363354668,0.9151093293214351,0.4379880746017727,0.13695807893779147,6alpha,0.13695807893779147,indirect
Abell370,A8,A8-slow_post,snapshot_0_median_|Δ|_vs_GR_kappa,0.060117816284779586,+,16.63400405734924,0.9158378673597021,0.43871661264003964,0.13768661697605844,6alpha,0.13768661697605844,indirect
Abell370,A8,A8-slow_post,snapshot_1_median_|Δ|_vs_GR_kappa,0.06011258603956372,+,16.635451340287368,0.9158000821307788,0.43867882741111636,0.13764883174713516,6alpha,0.13764883174713516,indirect
Abell370,A8,A8-slow_post,snapshot_2_median_|Δ|_vs_GR_kappa,0.06013776403876314,+,16.628486542257,0.9159819471527157,0.43886069243305337,0.13783069676907214,6alpha,0.13783069676907214,indirect
Abell370,A8,A8-slow_post,snapshot_3_median_|Δ|_vs_GR_kappa,0.06020352842782166,+,16.610322120885414,0.9164566157146307,0.43933536099496817,0.13830536533098695,6alpha,0.13830536533098695,indirect
Abell370,A8,A8-slow_post,snapshot_4_median_|Δ|_vs_GR_kappa,0.060279746607870784,+,16.58931990051579,0.9170060884845531,0.4398848337648907,0.13885483810090948,6alpha,0.13885483810090948,indirect
Abell370,A8,A8-slow_post,snapshot_5_median_|Δ|_vs_GR_kappa,0.0602619148613128,+,16.594228747981326,0.9168775979843405,0.439756343264678,0.1387263476006968,6alpha,0.1387263476006968,indirect
Abell370,A8,A8-slow_post,snapshot_6_median_|Δ|_vs_GR_kappa,0.06022773732477252,+,16.603645503193857,0.9166312180562175,0.43950996333655507,0.13847996767257387,6alpha,0.13847996767257387,indirect
Abell370,A8,A8-slow_post,snapshot_7_median_|Δ|_vs_GR_kappa,0.060239188212768274,+,16.60048931051233,0.9167137810910461,0.4395925263713837,0.1385625307074025,6alpha,0.1385625307074025,indirect
Abell370,A8,A8-slow_post,snapshot_8_median_|Δ|_vs_GR_kappa,0.06029953685378906,+,16.583875302802806,0.9171486468814559,0.44002739216179354,0.13899739649781231,6alpha,0.13899739649781231,indirect
Abell370,A8,A8-slow_post,snapshot_9_median_|Δ|_vs_GR_kappa,0.06033560259767112,+,16.573962253566666,0.9174083250165599,0.44028707029689734,0.13925707463291614,6alpha,0.13925707463291614,indirect
Abell370,A8,A8-slow_post,snapshot_10_median_|Δ|_vs_GR_kappa,0.06036946286182805,+,16.564666183775266,0.9176519821689567,0.4405307274492942,0.13950073178531303,6alpha,0.13950073178531303,indirect
Abell370,A8,A8-slow_post,snapshot_11_median_|Δ|_vs_GR_kappa,0.060394673429003384,+,16.557751590056107,0.9178333076966378,0.44071205297697547,0.13968205731299424,6alpha,0.13968205731299424,indirect
Abell370,A8,A8-slow_post,snapshot_12_median_|Δ|_vs_GR_kappa,0.060387096964494624,+,16.559829007643188,0.9177788223761779,0.4406575676565154,0.13962757199253423,6alpha,0.13962757199253423,indirect
Abell370,A8,A8-slow_post,snapshot_13_median_|Δ|_vs_GR_kappa,0.06037454320280805,+,16.56327231563202,0.9176885283152544,0.4405672735955919,0.13953727793161072,6alpha,0.13953727793161072,indirect
Abell370,A8,A8-slow_post,snapshot_14_median_|Δ|_vs_GR_kappa,0.060346848709261075,+,16.570873564878227,0.91748926676356,0.4403680120438975,0.13933801637991633,6alpha,0.13933801637991633,indirect
Abell370,A8,A8-slow_post,snapshot_15_median_|Δ|_vs_GR_kappa,0.060401136418080925,+,16.55597989213747,0.9178797801777481,0.4407585254580856,0.13972852979410438,6alpha,0.13972852979410438,indirect
Abell370,A8,A8-slow_post,snapshot_16_median_|Δ|_vs_GR_kappa,0.06041148280009448,+,16.553144429661906,0.9179541660598888,0.4408329113402263,0.13980291567624512,6alpha,0.13980291567624512,indirect
Abell370,A8,A8-slow_post,snapshot_17_median_|Δ|_vs_GR_kappa,0.060438210270511036,+,16.54582416527842,0.9181462657303383,0.4410250110106759,0.1399950153466947,6alpha,0.1399950153466947,indirect
Abell370,A8,A8-slow_post,snapshot_18_median_|Δ|_vs_GR_kappa,0.060405633674395685,+,16.554747283842715,0.9179121150146221,0.4407908602949596,0.13976086463097845,6alpha,0.13976086463097845,indirect
Abell370,A8,A8-slow_post,snapshot_19_median_|Δ|_vs_GR_kappa,0.06035558063010511,+,16.568476180000562,0.9175521026992798,0.4404308479796173,0.13940085231563612,6alpha,0.13940085231563612,indirect
