cluster_id,step_index,propagation_distance,second_trace_vs_prior_cov_trace_relative_rms_error,fourth_radial_component_identity_relative_rms_error,standardized_higher_moment_defined_count,zero_spread_standardized_higher_moments_undefined_pass,nonzero_spread_standardized_higher_moments_defined_pass,third_tensor_frobenius_nonnegative_pass,fourth_radial_nonnegative_pass,central_second_trace_vs_observed_pearson,central_second_trace_vs_observed_spearman,central_second_trace_vs_observed_count,central_second_trace_vs_los_mag_pearson,central_second_trace_vs_los_mag_spearman,central_second_trace_vs_los_mag_count,central_second_trace_rms,central_third_tensor_frobenius_mag_vs_observed_pearson,central_third_tensor_frobenius_mag_vs_observed_spearman,central_third_tensor_frobenius_mag_vs_observed_count,central_third_tensor_frobenius_mag_vs_los_mag_pearson,central_third_tensor_frobenius_mag_vs_los_mag_spearman,central_third_tensor_frobenius_mag_vs_los_mag_count,central_third_tensor_frobenius_mag_rms,standardized_third_tensor_mag_vs_observed_pearson,standardized_third_tensor_mag_vs_observed_spearman,standardized_third_tensor_mag_vs_observed_count,standardized_third_tensor_mag_vs_los_mag_pearson,standardized_third_tensor_mag_vs_los_mag_spearman,standardized_third_tensor_mag_vs_los_mag_count,standardized_third_tensor_mag_rms,central_fourth_tensor_frobenius_mag_vs_observed_pearson,central_fourth_tensor_frobenius_mag_vs_observed_spearman,central_fourth_tensor_frobenius_mag_vs_observed_count,central_fourth_tensor_frobenius_mag_vs_los_mag_pearson,central_fourth_tensor_frobenius_mag_vs_los_mag_spearman,central_fourth_tensor_frobenius_mag_vs_los_mag_count,central_fourth_tensor_frobenius_mag_rms,central_fourth_radial_moment_vs_observed_pearson,central_fourth_radial_moment_vs_observed_spearman,central_fourth_radial_moment_vs_observed_count,central_fourth_radial_moment_vs_los_mag_pearson,central_fourth_radial_moment_vs_los_mag_spearman,central_fourth_radial_moment_vs_los_mag_count,central_fourth_radial_moment_rms,standardized_fourth_radial_ratio_vs_observed_pearson,standardized_fourth_radial_ratio_vs_observed_spearman,standardized_fourth_radial_ratio_vs_observed_count,standardized_fourth_radial_ratio_vs_los_mag_pearson,standardized_fourth_radial_ratio_vs_los_mag_spearman,standardized_fourth_radial_ratio_vs_los_mag_count,standardized_fourth_radial_ratio_rms,gaussian_reference_fourth_radial_excess_vs_observed_pearson,gaussian_reference_fourth_radial_excess_vs_observed_spearman,gaussian_reference_fourth_radial_excess_vs_observed_count,gaussian_reference_fourth_radial_excess_vs_los_mag_pearson,gaussian_reference_fourth_radial_excess_vs_los_mag_spearman,gaussian_reference_fourth_radial_excess_vs_los_mag_count,gaussian_reference_fourth_radial_excess_rms,standardized_fourth_tensor_mag_vs_observed_pearson,standardized_fourth_tensor_mag_vs_observed_spearman,standardized_fourth_tensor_mag_vs_observed_count,standardized_fourth_tensor_mag_vs_los_mag_pearson,standardized_fourth_tensor_mag_vs_los_mag_spearman,standardized_fourth_tensor_mag_vs_los_mag_count,standardized_fourth_tensor_mag_rms,higher_moment_standardized_combined_mag_vs_observed_pearson,higher_moment_standardized_combined_mag_vs_observed_spearman,higher_moment_standardized_combined_mag_vs_observed_count,higher_moment_standardized_combined_mag_vs_los_mag_pearson,higher_moment_standardized_combined_mag_vs_los_mag_spearman,higher_moment_standardized_combined_mag_vs_los_mag_count,higher_moment_standardized_combined_mag_rms,photon_count_per_bin_vs_observed_pearson,photon_count_per_bin_vs_observed_spearman,photon_count_per_bin_vs_observed_count,photon_count_per_bin_vs_los_mag_pearson,photon_count_per_bin_vs_los_mag_spearman,photon_count_per_bin_vs_los_mag_count,photon_count_per_bin_rms
MACS1149,0,0.0,0.0,0.0,0,True,True,True,True,nan,nan,1024,nan,nan,1024,0.0,nan,nan,1024,nan,nan,1024,0.0,nan,nan,0,nan,nan,0,nan,nan,nan,1024,nan,nan,1024,0.0,nan,nan,1024,nan,nan,1024,0.0,nan,nan,0,nan,nan,0,nan,nan,nan,0,nan,nan,0,nan,nan,nan,0,nan,nan,0,nan,nan,nan,0,nan,nan,0,nan,-0.006058479253081925,-0.01093572503780647,1024,-0.011008310760999528,0.004331616554137926,1024,69.84375
MACS1149,1,0.03,0.0,0.0,1024,True,True,True,True,nan,0.7856110658626044,1024,nan,0.798752726915099,1024,8.598745307461928e-12,nan,0.7835171357612504,1024,nan,0.7721132586188398,1024,3.8211595078925095e-17,-0.041450270324552015,0.004281125709884278,1024,-0.06926749392347714,-0.04163360475723411,1024,0.771949613754389,nan,0.7921766900534792,1024,nan,0.8020161737357843,1024,1.005144400278541e-21,nan,0.7937942761047218,1024,nan,0.8014109326943709,1024,1.2775518322840645e-21,-0.04677003490976985,0.025274775290140324,1024,-0.08338208317170935,-0.03474334755627907,1024,2.339484725808311,-0.046770034909769845,0.02534026733967067,1024,-0.08338208317170935,-0.03467531547845572,1024,1.2931726356161406,-0.05507079274440065,-0.013530784910121387,1024,-0.08108273003610418,-0.050528234517865984,1024,2.1923934760032147,-0.06459579801801654,-0.10267530336593583,1024,-0.08047585813689467,-0.06115606472109604,1024,1.5060550028740471,-0.006058479253081925,-0.01093572503780647,1024,-0.011008310760999528,0.004331616554137926,1024,69.84375
MACS1149,5,0.15,0.0,0.0,1024,True,True,True,True,nan,0.7859176594340451,1024,nan,0.799042249302625,1024,2.14960503621326e-10,nan,0.783532999926401,1024,nan,0.771858303232959,1024,4.77644087272523e-15,-0.05024262458925309,-0.010836168887949705,1024,-0.07806977140743815,-0.057486998591980545,1024,0.7775751008775997,nan,0.7923432777574141,1024,nan,0.8020815861705172,1024,6.282152305823559e-19,nan,0.7939055096628369,1024,nan,0.8015079728739003,1024,7.984698625466184e-19,-0.05255855980931411,0.00729716290157665,1024,-0.08924244426595031,-0.05338093456902327,1024,2.347533039119475,-0.05255855980931411,0.007317619332850676,1024,-0.0892424442659503,-0.05336568622205057,1024,1.289126688217064,-0.06076916119097245,-0.028414375106629856,1024,-0.08682383780965172,-0.06649387642008682,1024,2.2001348589082252,-0.06626454009890773,-0.11128275006199743,1024,-0.0823016476835205,-0.07393662777981924,1024,1.5054802077006209,-0.006058479253081925,-0.01093572503780647,1024,-0.011008310760999528,0.004331616554137926,1024,69.84375
MACS1149,10,0.3,0.0,0.0,1024,True,True,True,True,nan,0.7859439506975301,1024,nan,0.79904307631786,1024,8.598400139370251e-10,nan,0.7835171692888978,1024,nan,0.7716950906587512,1024,3.821152179753829e-14,-0.05067215762127912,-0.010830753305640267,1024,-0.07866689238886994,-0.057900338377077636,1024,0.778243428962002,nan,0.7923285591202155,1024,nan,0.8020462703848079,1024,1.0051443912535006e-17,nan,0.7939276043824585,1024,nan,0.8014939359666691,1024,1.277551806399301e-17,-0.05282785069928779,0.0071115891023143096,1024,-0.08951292905885146,-0.053359450166225286,1024,2.3498383764139783,-0.05282785069928779,0.0071190332727255464,1024,-0.08951292905885146,-0.05335837370625764,1024,1.2920455373136102,-0.06100744350018281,-0.02862058940926456,1024,-0.08708454652815269,-0.06689113128646461,1024,2.2024986070921524,-0.06666500093358838,-0.10997497276587988,1024,-0.08271512152494374,-0.0729207674420383,1024,1.508325066162646,-0.006058479253081925,-0.01093572503780647,1024,-0.011008310760999528,0.004331616554137926,1024,69.84375
MACS1149,20,0.6,0.0,0.0,1024,True,True,True,True,nan,0.7859260022303008,1024,nan,0.7990286147271297,1024,3.4393614281614037e-09,nan,0.7834770087552811,1024,nan,0.7716576291037837,1024,3.056922319016097e-13,-0.05094162375834537,-0.01164035022718063,1024,-0.07881081943030366,-0.05865657722179645,1024,0.7785206499240352,nan,0.7923204119019028,1024,nan,0.802047019168872,1024,1.6082312061410928e-16,nan,0.7939337734695758,1024,nan,0.8015004179779701,1024,2.0440831079353164e-16,-0.05299458071173585,0.0064198851746798,1024,-0.08953618476092456,-0.05381266464911752,1024,2.3507335139810084,-0.05299458071173584,0.006422902724696757,1024,-0.08953618476092456,-0.05381032933478063,1024,1.2932281787391635,-0.06116247375934338,-0.02902578719905318,1024,-0.08710827826551262,-0.06676762841298373,1024,2.203425358375232,-0.06692334963548649,-0.11105261635085628,1024,-0.08286227803873451,-0.07396536177849278,1024,1.509481210430642,-0.006058479253081925,-0.01093572503780647,1024,-0.011008310760999528,0.004331616554137926,1024,69.84375
MACS1149,40,1.2,0.0,0.0,1024,True,True,True,True,nan,0.785946845251087,1024,nan,0.7990640757992991,1024,1.3757450091412603e-08,nan,0.7834622789422001,1024,nan,0.7715912778950004,1024,2.445538498522213e-12,-0.05100198512066152,-0.010889112190085912,1024,-0.07890558970935302,-0.05767786790114194,1024,0.7785683625770241,nan,0.7922993118358201,1024,nan,0.8020373855589729,1024,2.5731711000867212e-15,nan,0.7939415183561199,1024,nan,0.8014917007903584,1024,3.270534383284914e-15,-0.053002020938716816,0.0068574825029392855,1024,-0.08954699344831722,-0.05346125646976821,1024,2.350904770832918,-0.05300202093871681,0.0068659289915622606,1024,-0.08954699344831722,-0.05345160271658075,1024,1.2935596540448382,-0.06117020078630621,-0.029233015548050127,1024,-0.0871202750199495,-0.06715313602403654,1024,2.203603809705463,-0.06695877523579401,-0.11082121348798804,1024,-0.08289611293787646,-0.07357592595676295,1024,1.5097898111255321,-0.006058479253081925,-0.01093572503780647,1024,-0.011008310760999528,0.004331616554137926,1024,69.84375
MACS1149,80,2.4,0.0,0.0,1024,True,True,True,True,0.64683498877339,0.7859603177773914,1024,0.735660516590564,0.799055190973464,1024,5.5029814093286145e-08,nan,0.7834652014354632,1024,nan,0.7715956476646878,1024,1.956433898021411e-11,-0.051038992100207035,-0.011387824495010843,1024,-0.0789286070340893,-0.05902112564642099,1024,0.7786102012093055,nan,0.792296121121378,1024,nan,0.8020195153243688,1024,4.117081356560449e-14,nan,0.7939364612693073,1024,nan,0.8014881692117874,1024,5.2328641732270846e-14,-0.05301197222920277,0.0068668466233875345,1024,-0.0895394645156871,-0.05383512075448759,1024,2.350981583459725,-0.05301197222920278,0.0068916536498016285,1024,-0.0895394645156871,-0.053821312548494905,1024,1.2936558510550333,-0.06117817021478713,-0.02874577526644648,1024,-0.08711224064669164,-0.06701886005600163,1024,2.2036855678535874,-0.06698508462685701,-0.11129448896276564,1024,-0.08290413688275935,-0.07409197789103925,1024,1.509893806330802,-0.006058479253081925,-0.01093572503780647,1024,-0.011008310760999528,0.004331616554137926,1024,69.84375
MACS1149,120,3.5999999999999996,0.0,0.0,1024,True,True,True,True,0.6468285850211455,0.7859272818688424,1024,0.7356498223953551,0.7989867498748301,1024,1.238170576295503e-07,nan,0.7834513154015077,1024,nan,0.7715978828409985,1024,6.602981606175378e-11,-0.051077959204895024,-0.011890215248031412,1024,-0.07896172071654653,-0.058693572182317,1024,0.778635543234164,nan,0.7922613529510479,1024,nan,0.8019668545704886,1024,2.0842788830637134e-13,nan,0.7939156517761684,1024,nan,0.8014606541914027,1024,2.649145257541148e-13,-0.053021112880760585,0.006573334431167736,1024,-0.08951986142053031,-0.05356284247698124,1024,2.3511129976610747,-0.05302111288076057,0.006599142981706933,1024,-0.08951986142053031,-0.053553599047521966,1024,1.2937808786456473,-0.06118751802829325,-0.029120262769187253,1024,-0.08709319706986743,-0.06669630277508692,1024,2.203818569006719,-0.06701335751761663,-0.111223277246685,1024,-0.08292821535070216,-0.0742132802200353,1024,1.510013997000248,-0.006058479253081925,-0.01093572503780647,1024,-0.011008310760999528,0.004331616554137926,1024,69.84375
MACS1149,159,4.77,0.0,0.0,1024,True,True,True,True,0.6467995999089119,0.785866652706502,1024,0.7355741027877376,0.7989142966347186,1024,2.1735521644412975e-07,nan,0.783237621353008,1024,nan,0.7713721635612617,1024,1.535991142446962e-10,-0.05140568119099953,-0.011771400339216196,1024,-0.07948621761521768,-0.05893877370337354,1024,0.778326508334077,nan,0.7921866924682801,1024,nan,0.801867690973464,1024,6.424215245078017e-13,nan,0.7938538547341111,1024,nan,0.8013955435054717,1024,8.165262315813176e-13,-0.053144625986677865,0.007031461231285205,1024,-0.08969683724275794,-0.05346402777745,1024,2.3506648893197,-0.05314462598667787,0.007032094615358695,1024,-0.08969683724275793,-0.05345227991735005,1024,1.293266984034189,-0.061332201210879,-0.02878897834679615,1024,-0.08729775577359507,-0.06691027407835887,1024,2.203322057493881,-0.06723401282723512,-0.11119518597469678,1024,-0.08324799404082166,-0.07409583585747771,1024,1.5094143385990488,-0.006058479253081925,-0.01093572503780647,1024,-0.011008310760999528,0.004331616554137926,1024,69.84375
