launch,launch_label,nphotons,method,method_label,runtime_seconds,rms_kappa,rms_gamma1,rms_gamma2,rms_gamma,pearson_kappa,pearson_gamma,ssim_kappa,ssim_gamma,predicted_kappa_min,predicted_kappa_max,predicted_kappa_mean,predicted_kappa_std,predicted_gamma_min,predicted_gamma_max,predicted_gamma_mean,predicted_gamma_std,predicted_kappa_finite_pixels,predicted_gamma_finite_pixels
A,1D edge launch (control),2000,histogram,Histogram occupancy (current control),0.0008104799780994654,0.5567551329841356,0.5270141220258556,0.16043218136812565,0.5430825291500557,nan,-0.019306212786932897,-0.007204360225312317,0.06075954499435419,-0.5,-0.5,-0.5,0.0,0.0,4.739951813794019,0.06265066458052246,0.5406248736671552,25,4096
A,1D edge launch (control),2000,kernel,Gaussian KDE (Scott bandwidth),0.13623382709920406,0.552018321061391,0.829188522608233,0.15877548617694057,0.8347422816524207,nan,0.06825940787240616,-0.012680533504114333,0.131006697350441,-0.5,-0.5,-0.5,0.0,0.0,10.60937247281314,0.08965390238457568,0.8364161882939762,660,4096
A,1D edge launch (control),2000,jacobian,Ray-bundle Jacobian (linear fit per bin),0.02610584907233715,0.9545764365321707,0.5118295484705266,0.07747555948132943,0.4024133431439674,nan,-0.11994119445503498,0.01232966266723418,-0.013385199627258667,1.0,1.0,1.0,0.0,0.35915175941573113,0.7374304218488781,0.5005712490308153,0.0743018815685965,24,24
A,1D edge launch (control),2000,area,Finite area distortion (initial vs final spread),0.025672824936918914,7312883225.475426,58251869406.07106,0.07765606696889632,58251869406.00917,-0.3913508409760527,0.28255175856821885,2.745406328786257e-05,3.768099351645713e-05,-21705464140.378975,-741823765.5430365,-5192867832.998391,5149017842.038199,5084372526.809569,187041287058.71506,42813476266.258644,39500462520.12054,24,24
A,1D edge launch (control),2000,divergence,Displacement divergence (∇·d),0.0007781690219417214,9.531041715909373,9.470781341697469,1.35690660039378,9.463218670098554,-0.22664994452095721,0.02935002012294304,-0.009598689302564396,0.012189739340857396,-9.545722759762802,-9.357551218808334,-9.479309055768127,0.04163935055098578,9.414083848378112,10.607714807229147,9.569744472391179,0.30475237853026266,25,25
A,1D edge launch (control),2000,knn,Adaptive k-nearest-neighbour density,0.003032376989722252,0.5243947637703601,0.8291862554381081,0.15876286187395985,0.8347377823419262,-0.46982920583465015,0.06826068852578449,0.06819546504065799,0.13097391910797554,-1.5420683459588391,0.15398884410074756,-0.22693426150523027,0.402430996475638,0.0,10.607714807229147,0.08965352965832982,0.8364117412487192,25,4096
A,1D edge launch (control),2000,voronoi,Voronoi area method,0.08785864501260221,14.088719999376012,0.8291862554381081,0.15876286187395985,0.8347377823419262,0.17095288500938732,0.06826068852578449,-0.0002016121057310407,0.13097391910797554,-20.691935102004408,1.0,-13.389738621359289,4.2354542834398075,0.0,10.607714807229147,0.08965352965832982,0.8364117412487192,25,4096
A,1D edge launch (control),2000,triangulation,Delaunay triangulation area method,0.025711514987051487,7312883225.475426,58251869406.07106,0.07765606696889632,58251869406.00917,-0.3913508409760527,0.28255175856821885,2.745406328786257e-05,3.768099351645713e-05,-21705464140.378975,-741823765.5430365,-5192867832.998391,5149017842.038199,5084372526.809569,187041287058.71506,42813476266.258644,39500462520.12054,24,24
A,1D edge launch (control),5000,histogram,Histogram occupancy (current control),0.0008147599874064326,0.5567551329841356,0.5270141471409666,0.16043207083199776,0.5430825803920851,nan,-0.01930587440501888,-0.007204360225312317,0.06075953438037617,-0.5,-0.5,-0.5,0.0,0.0,4.739952776176189,0.06265019012508674,0.5406249270700602,25,4096
A,1D edge launch (control),5000,kernel,Gaussian KDE (Scott bandwidth),0.3959128519054502,0.5525030345772712,0.82918888986486,0.15877725696484737,0.834742962246302,nan,0.06825907435295407,-0.013121509426172571,0.1310110791209107,-0.5,-0.5,-0.5,0.0,0.0,10.60959573322592,0.08965396348578944,0.8364168552238033,512,4096
A,1D edge launch (control),5000,jacobian,Ray-bundle Jacobian (linear fit per bin),0.03515918995253742,0.9545764365321707,0.5119499099560193,0.07747443793562667,0.4025298833042908,nan,-0.11724421167037916,0.01232966266723418,-0.012433794450621889,1.0,1.0,1.0,0.0,0.35796789828390313,0.7398730519924842,0.5006272837844405,0.07472058198881153,24,24
A,1D edge launch (control),5000,area,Finite area distortion (initial vs final spread),0.03440542006865144,7239072587.812539,57995089711.37438,0.07765606696889632,57995089711.312126,-0.3924700674538984,0.282706998624237,2.612935384784337e-05,3.683335529260048e-05,-21218388737.211826,-1015620748.0723149,-5182129288.913703,5054671894.770707,6943878195.958358,185065074150.81976,42854418759.35152,39075941747.211586,24,24
A,1D edge launch (control),5000,divergence,Displacement divergence (∇·d),0.0008731409907341003,9.531039679036247,9.47078308652911,1.3569159698588664,9.463221845315688,-0.22593592007543378,0.02925212140501758,-0.009599993191264264,0.012189941477019297,-9.54555169154484,-9.357541199452212,-9.479307633586743,0.04157968568611443,9.41425687794828,10.60785669608261,9.569747819772466,0.3047427629367327,25,25
A,1D edge launch (control),5000,knn,Adaptive k-nearest-neighbour density,0.006603630026802421,0.7494084277202764,0.8291863851852384,0.15876331001603047,0.8347379959641376,-0.5628425100008967,0.06826045673383495,0.035630415642361794,0.1309767631550588,-1.8023327023383224,0.03536271450098872,-0.4191083800722911,0.5358536416308072,0.0,10.60785669608261,0.08965354900659872,0.8364119454143877,25,4096
A,1D edge launch (control),5000,voronoi,Voronoi area method,0.20081636391114444,14.236441771191858,0.8291863851852384,0.15876331001603047,0.8347379959641376,0.12884853383940814,0.06826045673383495,-0.00020954043483743928,0.1309767631550588,-20.718266531401024,1.0,-13.620292697437785,3.9798739716873426,0.0,10.60785669608261,0.08965354900659872,0.8364119454143877,25,4096
A,1D edge launch (control),5000,triangulation,Delaunay triangulation area method,0.034955917042680085,7239072587.812539,57995089711.37438,0.07765606696889632,57995089711.312126,-0.3924700674538984,0.282706998624237,2.612935384784337e-05,3.683335529260048e-05,-21218388737.211826,-1015620748.0723149,-5182129288.913703,5054671894.770707,6943878195.958358,185065074150.81976,42854418759.35152,39075941747.211586,24,24
A,1D edge launch (control),10000,histogram,Histogram occupancy (current control),0.0011419740039855242,0.5567551329841356,0.5270141623279984,0.16043206920567357,0.5430825720152413,nan,-0.01930593456047944,-0.007204360225312317,0.06075952306373866,-0.5,-0.5,-0.5,0.0,0.0,4.739952670827663,0.06265017095648824,0.5406249157625239,25,4096
A,1D edge launch (control),10000,kernel,Gaussian KDE (Scott bandwidth),0.9395426569972187,0.5507226518702644,0.8291890627492935,0.1587779552124351,0.8347432997386685,nan,0.06825883922512228,-0.01348986428420622,0.1310135425047142,-0.5,-0.5,-0.5,0.0,0.0,10.609720786345997,0.08965399085236497,0.836417183154608,440,4096
A,1D edge launch (control),10000,jacobian,Ray-bundle Jacobian (linear fit per bin),0.04801125603262335,0.9545764365321707,0.5119378584088934,0.07747424405308474,0.40250957364164613,nan,-0.11673195529107581,0.01232966266723418,-0.012255354692835112,1.0,1.0,1.0,0.0,0.3582033903722239,0.7405090679015828,0.5005848714795276,0.07484687528667636,24,24
A,1D edge launch (control),10000,area,Finite area distortion (initial vs final spread),0.047926914994604886,7207421619.726868,57822485607.73394,0.07765606696889632,57822485607.67153,-0.39152181362752647,0.2827415025193605,2.5989209199358243e-05,3.6777984073906514e-05,-21096613676.91682,-978845048.1299767,-5164187483.310337,5027732494.963759,6700168901.763391,184445244251.56335,42724084238.850044,38962706115.094055,24,24
A,1D edge launch (control),10000,divergence,Displacement divergence (∇·d),0.0010443429928272963,9.531040560681355,9.470782405849063,1.356907548614463,9.463220624279133,-0.22558233303933448,0.02918869257531606,-0.009600448133847004,0.012189193379960835,-9.545509792709376,-9.357564765220898,-9.479308726110013,0.04156515040471011,9.414298460509409,10.607930750982828,9.569745970672072,0.3047595306301947,25,25
A,1D edge launch (control),10000,knn,Adaptive k-nearest-neighbour density,0.01306873990688473,0.9613028615254561,0.8291863439538625,0.15876282140037007,0.8347379142432149,-0.6129860961971423,0.06826030374262683,0.02203183654961392,0.13097829946393472,-2.4103437090681843,0.01701544965617542,-0.5837307368719696,0.6711948631399788,0.0,10.607930750982828,0.08965353821737658,0.836411857546825,25,4096
A,1D edge launch (control),10000,voronoi,Voronoi area method,0.3972392389550805,14.28652232167376,0.8291863439538625,0.15876282140037007,0.8347379142432149,0.1540634343559969,0.06826030374262683,-0.00020945054699345863,0.13097829946393472,-20.741902707251974,1.0,-13.650889864544315,4.055587813838657,0.0,10.607930750982828,0.08965353821737658,0.836411857546825,25,4096
A,1D edge launch (control),10000,triangulation,Delaunay triangulation area method,0.0484242009697482,7207421619.726868,57822485607.73394,0.07765606696889632,57822485607.67153,-0.39152181362752647,0.2827415025193605,2.5989209199358243e-05,3.6777984073906514e-05,-21096613676.91682,-978845048.1299767,-5164187483.310337,5027732494.963759,6700168901.763391,184445244251.56335,42724084238.850044,38962706115.094055,24,24
A,1D edge launch (control),20000,histogram,Histogram occupancy (current control),0.0019905950175598264,0.5567551329841356,0.527014153103323,0.16043204811954062,0.543082583823002,nan,-0.019306113015331517,-0.007204360225312317,0.060759492560598205,-0.5,-0.5,-0.5,0.0,0.0,4.739952540105249,0.06265015888220193,0.5406249200925549,25,4096
A,1D edge launch (control),20000,kernel,Gaussian KDE (Scott bandwidth),2.50217219395563,0.5502117768726809,0.8291893679974202,0.1587796772976351,0.8347438953159031,nan,0.06825882278059786,-0.01392318758964765,0.1310146115676434,-0.5,-0.5,-0.5,0.0,0.0,10.609780834285504,0.08965404374394771,0.8364177779753017,382,4096
A,1D edge launch (control),20000,jacobian,Ray-bundle Jacobian (linear fit per bin),0.07558320998214185,0.9545764365321707,0.5119428412839644,0.07747428988017514,0.40251522183800803,nan,-0.1172645477777169,0.01232966266723418,-0.012450488031852707,1.0,1.0,1.0,0.0,0.35844061175582764,0.7399138406064726,0.5006029877485642,0.07476541696853972,24,24
A,1D edge launch (control),20000,area,Finite area distortion (initial vs final spread),0.07473092898726463,7193596088.010238,57785320181.51721,0.07765606696889632,57785320181.45481,-0.3907144882889711,0.28441438174043765,2.5752826338387775e-05,3.6580826206672493e-05,-21007745590.03845,-894064272.3806188,-5153552732.549861,5018836409.911531,6118645990.811823,184078045536.30576,42692588708.436485,38942086459.96885,24,24
A,1D edge launch (control),20000,divergence,Displacement divergence (∇·d),0.0015181290218606591,9.53103925443811,9.470783779262268,1.3569179953387178,9.463223303255234,-0.22584263962393586,0.029209960129937287,-0.00960013381979983,0.012188906032572533,-9.545522681242344,-9.35756455081705,-9.479307275704903,0.041574063624066314,9.414284998059362,10.607970635891574,9.569748342864143,0.30477006997088507,25,25
A,1D edge launch (control),20000,knn,Adaptive k-nearest-neighbour density,0.02610296697821468,1.0296301629931375,0.8291864384489818,0.15876338470714976,0.8347380998134528,-0.5820452245371441,0.06826035684312017,0.01815350216481612,0.13097907290173416,-2.203122707798058,0.0,-0.6802167291483212,0.6763660287741083,0.0,10.607970635891574,0.08965355273000788,0.8364120452795132,25,4096
A,1D edge launch (control),20000,voronoi,Voronoi area method,0.7929483118932694,14.50303666179239,0.8291864384489818,0.15876338470714976,0.8347380998134528,0.1928087628100532,0.06826035684312017,-0.00025176464410173427,0.13097907290173416,-20.746794267412596,1.0,-13.975315088554252,3.701234617130526,0.0,10.607970635891574,0.08965355273000788,0.8364120452795132,25,4096
A,1D edge launch (control),20000,triangulation,Delaunay triangulation area method,0.07504325197078288,7193596088.010238,57785320181.51721,0.07765606696889632,57785320181.45481,-0.3907144882889711,0.28441438174043765,2.5752826338387775e-05,3.6580826206672493e-05,-21007745590.03845,-894064272.3806188,-5153552732.549861,5018836409.911531,6118645990.811823,184078045536.30576,42692588708.436485,38942086459.96885,24,24
B,Uniform Cartesian 2D grid,2000,histogram,Histogram occupancy (current control),0.0005762969376519322,0.5505492985012602,0.7427806388095846,0.5204450410877609,0.8840515072167456,nan,0.017022219680756855,-0.011968768960794716,0.040156976067598354,-0.5,-0.5,-0.5,0.0,0.0,6.7367527864160195,0.16873288440368844,0.8789288009772782,288,4096
B,Uniform Cartesian 2D grid,2000,kernel,Gaussian KDE (Scott bandwidth),0.12215720501262695,2676459427.980506,0.5151628712856438,0.5185414672763008,0.7195956004411433,-0.03341416761560906,-0.009109039320201857,0.0030944115471506555,0.06784179975640739,-0.5,15852812325.225985,481132754.95426947,2632858967.316265,0.0,6.717711699967724,0.1124687184534556,0.7171590569590381,928,4096
B,Uniform Cartesian 2D grid,2000,jacobian,Ray-bundle Jacobian (linear fit per bin),0.03463832102715969,0.1767612815530255,0.09973849185644372,0.082058820265822,0.06783384288556926,0.06288299178919024,0.07410125274447132,-0.04126208726760157,0.07970794002544697,-0.5214150961257247,0.5083001320917262,-0.027075563151419478,0.152356974832233,0.0014221949204454175,0.27894335142066673,0.0774523347071689,0.059249804673344904,247,247
B,Uniform Cartesian 2D grid,2000,area,Finite area distortion (initial vs final spread),0.032003508997149765,0.17777539462394323,0.09795679956590049,0.04868326463877061,0.07319009020690496,0.054343783311834946,0.024505068814544922,-0.03881335096992949,0.03165683446668713,-0.5221307849911843,0.4970030627906993,-0.02987841376884477,0.1515966601099603,1.4942407816631587e-05,0.26108345523731424,0.048937509838168164,0.059595861057409265,247,247
B,Uniform Cartesian 2D grid,2000,divergence,Displacement divergence (∇·d),0.0005482370033860207,1.3887915387986804,1.370808404615533,1.377565716560096,1.9075081996007168,-0.09190235371186249,0.022906820744101095,-0.0009055362557789374,0.0025011289610564974,-4.835285870665039,0.15578768541602872,-0.39413641934124954,1.3101498705987058,0.002934617316273091,6.718153962094527,0.8096678101835422,1.7591760849806495,288,288
B,Uniform Cartesian 2D grid,2000,knn,Adaptive k-nearest-neighbour density,0.0046042760368436575,0.1596240607549514,0.515165897046224,0.5185373718547753,0.7195939326718688,0.05918241674035691,-0.009103520476714493,-0.02059784737340382,0.06785001247229677,-0.23925214259181798,0.42190556071094565,-0.010966858802517597,0.14035500527901965,0.0,6.718153962094527,0.11247481339369747,0.7171572978180807,288,4096
B,Uniform Cartesian 2D grid,2000,voronoi,Voronoi area method,0.07409557001665235,34.56885993113064,0.515165897046224,0.5185373718547753,0.7195939326718688,-0.03841827058643476,-0.009103520476714493,1.5833923507132436e-05,0.06785001247229677,-133.75368576782884,-1.2027194468126872,-16.207379599376182,30.506486245414898,0.0,6.718153962094527,0.11247481339369747,0.7171572978180807,288,4096
B,Uniform Cartesian 2D grid,2000,triangulation,Delaunay triangulation area method,0.009937440976500511,0.14233432819742975,0.515165897046224,0.5185373718547753,0.7195939326718688,0.04575276521528107,-0.009103520476714493,-0.008481637404529632,0.06785001247229677,-0.4584116420575133,0.34525402266586025,-0.00475856687605415,0.121869206049225,0.0,6.718153962094527,0.11247481339369747,0.7171572978180807,288,4096
B,Uniform Cartesian 2D grid,5000,histogram,Histogram occupancy (current control),0.0007895099697634578,0.5505492985012602,0.7647293532830337,0.5197100609705654,0.9022798902166637,nan,0.012403395322616188,-0.011968768960794716,0.03782258427511534,-0.5,-0.5,-0.5,0.0,0.0,6.7402941162979735,0.17299315626915462,0.8966372116017387,288,4096
B,Uniform Cartesian 2D grid,5000,kernel,Gaussian KDE (Scott bandwidth),0.3536149439169094,164722484.60051066,0.5151731826008623,0.5185294883482469,0.7195691098260378,0.0008675592249823383,-0.008919426148773573,0.002960253604721769,0.06780639487485264,-0.5,990799926.2336936,31396429.033994105,161702693.79396588,0.0,6.7155016132917265,0.11255164569544783,0.7171359434794184,822,4096
B,Uniform Cartesian 2D grid,5000,jacobian,Ray-bundle Jacobian (linear fit per bin),0.04559464298654348,0.14431926023612707,0.08520788632233126,0.07604123379016124,0.05974011778791616,0.05442663013817311,0.0348379098133473,-0.012742525625976721,0.04968267679401308,-0.37657219241543216,0.5204594050903342,-0.006067170331535466,0.12417198430867617,0.002034998563946063,0.26222167377352823,0.06569585280940017,0.047731038746327996,288,288
B,Uniform Cartesian 2D grid,5000,area,Finite area distortion (initial vs final spread),0.04277860000729561,0.1464176252402069,0.08185641882408623,0.048839634277724295,0.06159660080676828,0.029803609690019658,0.012179200121810183,-0.020245163534574215,0.02065058149854561,-0.39382183277438276,0.39107992165585004,-0.017995149243525972,0.11932795014799105,7.693960256677235e-05,0.1964588344846956,0.04428151929564577,0.04156850435017737,288,288
B,Uniform Cartesian 2D grid,5000,divergence,Displacement divergence (∇·d),0.000899131060577929,1.3887313912347257,1.370869535117911,1.3774942182452596,1.9073613731221488,-0.09347588380356753,0.02421400874499832,-0.000849244809298459,0.0025080359393785732,-4.810134644904604,0.13313633056668206,-0.39415692356558824,1.309989255794503,0.002131486111425885,6.717080829179405,0.810902539337608,1.7585462750649292,288,288
B,Uniform Cartesian 2D grid,5000,knn,Adaptive k-nearest-neighbour density,0.011371608008630574,0.1448573163233382,0.5151784062708519,0.5185218564698485,0.7195655682133233,0.07044902748619038,-0.008912563330335162,-0.04056961672027891,0.06783624956799145,-0.2749755837966821,0.3067582651110373,-0.01886000636695009,0.11928423812947567,0.0,6.717080829179405,0.11256147664725139,0.7171321682966135,288,4096
B,Uniform Cartesian 2D grid,5000,voronoi,Voronoi area method,0.17949427908752114,36.120766418359544,0.5151784062708519,0.5185218564698485,0.7195655682133233,-0.042538645548582686,-0.008912563330335162,2.64517809911014e-07,0.06783624956799145,-128.35829007217282,-1.09039432569244,-17.273866853176514,31.694169764076847,0.0,6.717080829179405,0.11256147664725139,0.7171321682966135,288,4096
B,Uniform Cartesian 2D grid,5000,triangulation,Delaunay triangulation area method,0.024807721027173102,0.13252537468281872,0.5151784062708519,0.5185218564698485,0.7195655682133233,0.0655811454085071,-0.008912563330335162,-0.009239305186021647,0.06783624956799145,-0.41925815947491674,0.28439601937112563,-0.0037284638812100585,0.1116409332920666,0.0,6.717080829179405,0.11256147664725139,0.7171321682966135,288,4096
B,Uniform Cartesian 2D grid,10000,histogram,Histogram occupancy (current control),0.001150142983533442,0.5505492985012602,0.7715473503310467,0.5199628197597042,0.9083593146045742,nan,0.01265400592557616,-0.011968768960794716,0.03738535292038583,-0.5,-0.5,-0.5,0.0,0.0,6.737840967978015,0.17257586452602866,0.9028129678400327,288,4096
B,Uniform Cartesian 2D grid,10000,kernel,Gaussian KDE (Scott bandwidth),0.8681511740433052,69402.86471868296,0.5151946049838317,0.5184835894576229,0.7195491566947417,0.05102276986863018,-0.009011569121219717,0.002734122736957798,0.06773706699154576,-0.5,431897.6098803628,14894.646762018778,67785.7583224883,0.0,6.712226661428644,0.11255993568847587,0.7171117802381891,730,4096
B,Uniform Cartesian 2D grid,10000,jacobian,Ray-bundle Jacobian (linear fit per bin),0.060559015022590756,0.16287700858391796,0.09517280708950349,0.07950957194752006,0.05503332958602486,0.011105524823589574,0.18908182296585538,0.003430392550812258,0.19727402511339948,-0.5406462114987476,0.3973314964983484,0.004331292821167814,0.14674993329095876,0.003988715573081911,0.2719365474233478,0.07798031484252223,0.04760037803070827,288,288
B,Uniform Cartesian 2D grid,10000,area,Finite area distortion (initial vs final spread),0.0570944620994851,0.16337462006666525,0.09033090472362679,0.048839634277724295,0.05478677113290654,-0.02332087551379287,0.14538984910710137,0.0013200308499972976,0.15860993765928874,-0.5761211154609154,0.33717260496218127,-0.010318222483749397,0.1401907801796354,0.0004901308467585852,0.28811564144152857,0.05595746393865418,0.04304946211695841,288,288
B,Uniform Cartesian 2D grid,10000,divergence,Displacement divergence (∇·d),0.0009903820464387536,1.388720998430647,1.3709823955275888,1.3772127666663707,1.9072313509411902,-0.0936263342716865,0.02362192588413563,-0.0008638545923523715,0.002501347566827983,-4.826678235504517,0.13054070397587142,-0.39430345348973833,1.3099204440043646,0.0020058452199269903,6.713513934976523,0.8109895104922706,1.7583465153428863,288,288
B,Uniform Cartesian 2D grid,10000,knn,Adaptive k-nearest-neighbour density,0.02299314900301397,0.18457788811985074,0.5151977120919252,0.5184707640946866,0.7195410399450458,0.021335568202837673,-0.009008331608627724,-0.019805827993067848,0.06776217513700522,-0.32910909994167126,0.38565452534545186,-0.05310310898293073,0.14485468556970552,0.0,6.713513934976523,0.11256754541577915,0.7171033830893899,288,4096
B,Uniform Cartesian 2D grid,10000,voronoi,Voronoi area method,0.35850132803898305,37.292897658594335,0.5151977120919252,0.5184707640946866,0.7195410399450458,-0.056709789916571114,-0.009008331608627724,3.907139328488554e-05,0.06776217513700522,-152.80258842708406,-1.0892087268131756,-17.714458781417047,32.78802414757942,0.0,6.713513934976523,0.11256754541577915,0.7171033830893899,288,4096
B,Uniform Cartesian 2D grid,10000,triangulation,Delaunay triangulation area method,0.05129999096971005,0.13779290763918758,0.5151977120919252,0.5184707640946866,0.7195410399450458,0.030009007792984713,-0.009008331608627724,-0.006420765177425727,0.06776217513700522,-0.4299881096938525,0.30767933675718595,-0.004815704874034505,0.11545936184312983,0.0,6.713513934976523,0.11256754541577915,0.7171033830893899,288,4096
B,Uniform Cartesian 2D grid,20000,histogram,Histogram occupancy (current control),0.001960874069482088,0.5505492985012602,0.7719572595580391,0.5406330621310792,0.9198905325814893,nan,0.014491972829978661,-0.011968768960794716,0.036184901090352495,-0.5,-0.5,-0.5,0.0,0.0,6.753189985603123,0.1772495341941458,0.9139890495134356,288,4096
B,Uniform Cartesian 2D grid,20000,kernel,Gaussian KDE (Scott bandwidth),2.3888223340036348,1613292.29536908,0.5151668783579231,0.5185285123801102,0.7195716591616681,0.050356330658536584,-0.008922318361929093,0.0022106195580055797,0.06776526291196819,-0.5,9062008.793541493,313484.54566455976,1582542.1035713132,0.0,6.712544829942828,0.11245995046525746,0.7171430508504762,686,4096
B,Uniform Cartesian 2D grid,20000,jacobian,Ray-bundle Jacobian (linear fit per bin),0.08796606305986643,0.15226607252702745,0.09068259111150523,0.0780971989779318,0.05761258907964663,0.06836065923691931,0.1042009183713782,-0.00926054932562564,0.11621555411491113,-0.424708933756645,0.45194530817333756,-0.004117441944991498,0.13515349565760768,0.0013913280170581336,0.26656605074398015,0.0714435047874024,0.048023351787998936,288,288
B,Uniform Cartesian 2D grid,20000,area,Finite area distortion (initial vs final spread),0.0849162070080638,0.15563906495384408,0.08836712147305327,0.048839634277724295,0.05926195848101585,0.0475066176466308,0.05803912112133879,-0.029653229874551882,0.06667840807558964,-0.4547997986547778,0.3385504130483238,-0.019113583737702302,0.13108898133741553,3.6213552334463106e-05,0.22743849311149522,0.050819253067850796,0.04363929118236468,288,288
B,Uniform Cartesian 2D grid,20000,divergence,Displacement divergence (∇·d),0.0015356680378317833,1.388751406590903,1.370833287864775,1.3774435981417203,1.9073440402897084,-0.09369693144328162,0.02406728175423927,-0.000848495626593371,0.002506366746513463,-4.813515620188361,0.12780560650747524,-0.39426070627356613,1.309962859650585,0.0024302044610869686,6.712409931626338,0.809558495143588,1.7590871286098748,288,288
B,Uniform Cartesian 2D grid,20000,knn,Adaptive k-nearest-neighbour density,0.04736190300900489,0.16427902435313224,0.5151708825591015,0.5185127286759204,0.7195621633497122,-0.05346776901558138,-0.00891876161057839,0.026430671938776795,0.06776341631913714,-0.5278183993801766,0.21072393635805386,-0.057853926403499796,0.10906582040394627,0.0,6.712409931626338,0.11246694625667314,0.7171333159429278,288,4096
B,Uniform Cartesian 2D grid,20000,voronoi,Voronoi area method,0.7046702230582014,35.73034689391457,0.5151708825591015,0.5185127286759204,0.7195621633497122,-0.05568762295479986,-0.00891876161057839,2.5567315299807426e-05,0.06776341631913714,-142.3533825686986,-1.1607335971511787,-16.970552844371372,31.41397417760435,0.0,6.712409931626338,0.11246694625667314,0.7171333159429278,288,4096
B,Uniform Cartesian 2D grid,20000,triangulation,Delaunay triangulation area method,0.10367392108310014,0.1364913419109887,0.5151708825591015,0.5185127286759204,0.7195621633497122,-0.00866108150315819,-0.00891876161057839,-0.002781311876317044,0.06776341631913714,-0.47428075810820114,0.25702503675107513,-0.011624674166255887,0.10820244734290094,0.0,6.712409931626338,0.11246694625667314,0.7171333159429278,288,4096
C,Hexagonal packing,2000,histogram,Histogram occupancy (current control),0.0005500969709828496,0.5493105566700155,0.7645731653655649,0.5197537514310885,0.902425268559397,nan,0.011729119596451428,-0.01184336529908889,0.037987580582611556,-0.5,-0.5,-0.5,0.0,0.0,6.74206831499409,0.1714636842516607,0.8969204908638677,311,4096
C,Hexagonal packing,2000,kernel,Gaussian KDE (Scott bandwidth),0.12309547595214099,1264948484.4853594,0.513054055419705,0.5394753562736841,0.7343179244833075,-0.030388334397768942,-0.010303063179384142,0.008014802814388433,0.06516631712186996,-0.5,9684080486.97646,226018800.67423722,1244592371.0853097,0.0,6.748635263355927,0.11594155210538548,0.7316933231105949,931,4096
C,Hexagonal packing,2000,jacobian,Ray-bundle Jacobian (linear fit per bin),0.0357109010219574,0.16946619871932397,0.09676000418354477,0.08109096235108548,0.06202178040499731,0.05108052673342087,0.06721049397192064,-0.0119070068130357,0.07629401713035973,-0.4784986764433521,0.4280001276394232,-0.007376887179666271,0.15234570811848885,0.0038086746363297733,0.2520678358227109,0.08069343336768021,0.05137916321228046,272,272
C,Hexagonal packing,2000,area,Finite area distortion (initial vs final spread),0.03250877291429788,0.17243249124136778,0.09340852389803642,0.049078411873447934,0.059084718591188336,0.026281997755761982,0.05786020450913502,-0.01952185171232269,0.06922239453520787,-0.5153495717802861,0.3309425012718604,-0.021270484620086193,0.14847109643515458,3.2514827333129936e-05,0.2440859255372319,0.059435266030787984,0.046766435048457164,272,272
C,Hexagonal packing,2000,divergence,Displacement divergence (∇·d),0.0005874569760635495,1.3288819609336258,1.3091580240850553,1.379259290919497,1.8717702955180464,0.05943807758594711,0.048908289611503064,-0.00418812405666715,0.0029160225473413813,-4.857250646832213,0.1366842318275617,-0.36514587139286625,1.265679743644781,0.0009700428860997959,6.726177473195997,0.7737384025481567,1.7365242883390046,311,311
C,Hexagonal packing,2000,knn,Adaptive k-nearest-neighbour density,0.0047968580620363355,0.17773853739442655,0.5130563080214673,0.5394658087958039,0.7343125150870619,-0.04725386149278793,-0.010303866191060579,0.004664228155794581,0.06518107464167236,-0.8259333073596704,0.4198987236116696,-0.016840078737381314,0.15332594208859782,0.0,6.749378812245862,0.11594061370270795,0.7316879161212986,311,4096
C,Hexagonal packing,2000,voronoi,Voronoi area method,0.07294431095942855,175.3220908882542,0.5130563080214673,0.5394658087958039,0.7343125150870619,0.09249572615731738,-0.010303866191060579,0.0007688357425508315,0.06518107464167236,-902.6485575623191,1.0,-49.51779216110815,168.17552504487594,0.0,6.749378812245862,0.11594061370270795,0.7316879161212986,311,4096
C,Hexagonal packing,2000,triangulation,Delaunay triangulation area method,0.006551699014380574,0.1307825337707247,0.5130563080214673,0.5394658087958039,0.7343125150870619,0.06720411406596308,-0.010303866191060579,-0.0030006269552386423,0.06518107464167236,-0.43249319142790843,0.31378824946499795,-0.001288348308434195,0.11148446968939474,0.0,6.749378812245862,0.11594061370270795,0.7316879161212986,311,4096
C,Hexagonal packing,5000,histogram,Histogram occupancy (current control),0.0007894899463281035,0.5503632444778004,0.7717875549045077,0.5199979749334839,0.9081502462585015,nan,0.01220739421234154,-0.01195598332367351,0.03701690549238336,-0.5,-0.5,-0.5,0.0,0.0,6.736223004635274,0.175229163231847,0.902296337911717,298,4096
C,Hexagonal packing,5000,kernel,Gaussian KDE (Scott bandwidth),0.3535179760074243,124235689.50240551,0.5139354563894123,0.5696513647100521,0.7558331813909723,0.008154394884117537,-0.0020725702871298092,0.02777356319084166,0.0621275556149254,-0.5,1373860285.2637773,22484526.48462303,122184093.14391193,0.0,6.759284304871411,0.1187452159013454,0.7534509384942056,822,4096
C,Hexagonal packing,5000,jacobian,Ray-bundle Jacobian (linear fit per bin),0.04537230706773698,0.15096397918211477,0.08790128780013177,0.08590365210588832,0.058333178977443424,0.03868324132272145,0.10248728322930681,-4.7627272430040444e-05,0.11164597312698565,-0.4078754440662353,0.4326269520590922,-0.0002287272913182935,0.13337317196003748,0.002529819613485553,0.24663135993093005,0.07716719863467608,0.048479986810664503,288,288
C,Hexagonal packing,5000,area,Finite area distortion (initial vs final spread),0.042143877944909036,0.15256800153073805,0.08468104629828538,0.048839634277724295,0.057291139627748976,0.011867460274530242,0.057718511354593466,-0.008847733975273928,0.06602653007391217,-0.42570450005740645,0.34297794586686625,-0.013670736182381574,0.12802925727372277,0.00017565869902375075,0.2119007873880489,0.050620806317312445,0.04065378326636588,288,288
C,Hexagonal packing,5000,divergence,Displacement divergence (∇·d),0.0008857209468260407,1.363087544333755,1.340892512504031,1.4618617167084682,1.9495473904408607,-0.010373510211726413,0.07529275171790126,-0.002577163185369496,0.0028046111077520003,-4.818091240487862,0.1339987951336392,-0.38074582735775714,1.2922433863319407,0.000498955896136517,6.758746649555992,0.8195984934608433,1.802965480193836,298,298
C,Hexagonal packing,5000,knn,Adaptive k-nearest-neighbour density,0.011845382978208363,0.22738912010797888,0.5139453370009339,0.5696334877127053,0.7558266037424195,-0.11953032637999099,-0.002084669185395462,0.04133835285949554,0.06211829025847468,-0.7285398158641497,0.2402107365992467,-0.12704338637269644,0.12741749702351596,0.0,6.758746649555992,0.11874429938128839,0.753443902847138,298,4096
C,Hexagonal packing,5000,voronoi,Voronoi area method,0.1780187669210136,226.55653260230517,0.5139453370009339,0.5696334877127053,0.7558266037424195,0.046250034737093444,-0.002084669185395462,0.05131279458038192,0.06211829025847468,-3038.7417347764135,1.0,-40.56031901331219,222.89024562854974,0.0,6.758746649555992,0.11874429938128839,0.753443902847138,298,4096
C,Hexagonal packing,5000,triangulation,Delaunay triangulation area method,0.01684253301937133,0.13244362124282952,0.5139453370009339,0.5696334877127053,0.7558266037424195,0.047288528413979396,-0.002084669185395462,-0.005927271602608892,0.06211829025847468,-0.4070163989316647,0.28583744897097985,-0.0031479873255308775,0.11085249729627482,0.0,6.758746649555992,0.11874429938128839,0.753443902847138,298,4096
C,Hexagonal packing,10000,histogram,Histogram occupancy (current control),0.0011671739630401134,0.5492095784855976,0.7718033477715622,0.5197897528761634,0.908237662032393,nan,0.009995367541769022,-0.011845695927446323,0.036896201241421,-0.5,-0.5,-0.5,0.0,0.0,6.738629946586689,0.17525265127982192,0.9022921523960706,312,4096
C,Hexagonal packing,10000,kernel,Gaussian KDE (Scott bandwidth),0.8820394040085375,46847.894207917496,0.5128691853639067,0.5396186798798912,0.7342159079232956,0.04983058319296981,-0.010125404003780461,0.003958039992649944,0.06480042269658974,-0.5,321145.07017338247,10013.726186037553,45765.18057989138,0.0,6.740994205795038,0.11736428153141429,0.7315191365766401,730,4096
C,Hexagonal packing,10000,jacobian,Ray-bundle Jacobian (linear fit per bin),0.05861724598798901,0.15299135116526807,0.09034461622545654,0.0782542572642206,0.05595850274640547,0.036739390025388154,0.11431032808883089,0.0019112703451884313,0.1251290006394409,-0.4892795706657602,0.4202526545477676,0.001027575053768548,0.1360310482526467,0.003462096430829145,0.24558100479449635,0.07276383031600228,0.046222476436663565,288,288
C,Hexagonal packing,10000,area,Finite area distortion (initial vs final spread),0.056135187041945755,0.15549397213572685,0.08715221076252924,0.048839634277724295,0.05739441490607371,0.012885086443427635,0.06694341907097272,-0.011448701733368096,0.08106759114299678,-0.5340705888376087,0.3137165389886667,-0.014114004486012306,0.13137114664202307,0.00043492564456226734,0.2662831986924017,0.05184293592065564,0.04179357388524013,288,288
C,Hexagonal packing,10000,divergence,Displacement divergence (∇·d),0.0010698529658839107,1.3255888989233262,1.3066562790328895,1.378084992252493,1.8693422665393418,0.07651579208928276,0.04502824537293869,-0.0045043587349640766,0.0028847697000137767,-4.814788803622162,0.13255321870166492,-0.3639613893797119,1.263606336389199,0.001043368679099181,6.742362835321902,0.7812762654386661,1.7306616693563655,312,312
C,Hexagonal packing,10000,knn,Adaptive k-nearest-neighbour density,0.024485234986059368,0.14684716136258616,0.512869287593621,0.5396085772185057,0.7342075937473979,-0.08600644971102839,-0.01012412835552532,-0.053678302444471554,0.06482607116138235,-0.44990727000905706,0.3249985377372439,0.046698548940539146,0.1304881222563722,0.0,6.742362835321902,0.11737015024448302,0.7315105162181895,312,4096
C,Hexagonal packing,10000,voronoi,Voronoi area method,0.3626445790287107,421.8237535313301,0.512869287593621,0.5396085772185057,0.7342075937473979,0.1023165250885314,-0.01012412835552532,0.0007221293359897644,0.06482607116138235,-2138.9030450523924,-1.110823690436841,-121.53574130066082,403.92798213723466,0.0,6.742362835321902,0.11737015024448302,0.7315105162181895,312,4096
C,Hexagonal packing,10000,triangulation,Delaunay triangulation area method,0.0320922959363088,0.13562651246283483,0.512869287593621,0.5396085772185057,0.7342075937473979,-0.04117860167207082,-0.01012412835552532,0.01746255603203963,0.06482607116138235,-0.4394334715954973,0.2739639653577882,-0.023387012131505194,0.09912232013499721,0.0,6.742362835321902,0.11737015024448302,0.7315105162181895,312,4096
C,Hexagonal packing,20000,histogram,Histogram occupancy (current control),0.0020147140603512526,0.5492095784855976,0.7719754663410483,0.5405992483341465,0.91988998413708,nan,0.014491270847667216,-0.011845695927446323,0.03614454142468747,-0.5,-0.5,-0.5,0.0,0.0,6.748909240444987,0.1772187849066531,0.9139918773530853,312,4096
C,Hexagonal packing,20000,kernel,Gaussian KDE (Scott bandwidth),2.443500285036862,1198605.9994407052,0.5129085278637884,0.5395832934199586,0.7342227167776659,0.05434772411133753,-0.010140752381773076,0.0023124807135998754,0.06481897389272163,-0.5,6922083.719824937,240951.42684724543,1174137.4632577458,0.0,6.741794661393817,0.11732972319059726,0.7315272985200564,690,4096
C,Hexagonal packing,20000,jacobian,Ray-bundle Jacobian (linear fit per bin),0.08787579601630569,0.14993448229541592,0.08882661431356065,0.07679729400786996,0.056472150621061895,0.05694233912721285,0.10011077677888186,-0.004052106722997875,0.10970645577151647,-0.41573852623731056,0.37016452535766675,-0.0021781655906698,0.13252734248417333,0.0030724970113585265,0.2297344122086174,0.0699638720711375,0.046345148045465454,288,288
C,Hexagonal packing,20000,area,Finite area distortion (initial vs final spread),0.0858414409449324,0.1535243313243985,0.08613268679637635,0.048839634277724295,0.05893281355124014,0.035631520374667845,0.04402905573815115,-0.022237955186867532,0.05375498263726258,-0.4468457306781295,0.30458401538666624,-0.017314604916741798,0.12875653832535444,4.0734970729761066e-05,0.22398936790681467,0.049908384171269596,0.04215883908460965,288,288
C,Hexagonal packing,20000,divergence,Displacement divergence (∇·d),0.0015913289971649647,1.3253147484071854,1.3068753976948535,1.3778923556532168,1.8693828818038978,0.07659568274939095,0.04490305825567988,-0.004495672754190803,0.0028852468174092984,-4.802069611591775,0.12805563043491464,-0.363831946205174,1.2633644808134863,0.0021784508428855094,6.742982642181675,0.7808236293616251,1.7308866676361365,312,312
C,Hexagonal packing,20000,knn,Adaptive k-nearest-neighbour density,0.04829144000541419,0.19602396885867274,0.5129134942604648,0.5395707148819068,0.7342159287007933,-0.13992694528804633,-0.010138333590201522,0.004182353162965816,0.06484111671156384,-1.6385908585583895,0.20187336417354546,-0.034194460166920675,0.16161492397810315,0.0,6.742982642181675,0.11733574529815041,0.7315202469332623,312,4096
C,Hexagonal packing,20000,voronoi,Voronoi area method,0.7228397961007431,643.2008333049138,0.5129134942604648,0.5395707148819068,0.7342159287007933,0.0879306980760288,-0.010138333590201522,0.0006519444492471244,0.06484111671156384,-3147.3983942639466,-1.094968392065841,-182.29622195072332,616.8182276158327,0.0,6.742982642181675,0.11733574529815041,0.7315202469332623,312,4096
C,Hexagonal packing,20000,triangulation,Delaunay triangulation area method,0.06468400603625923,0.13549061982025798,0.5129134942604648,0.5395707148819068,0.7342159287007933,-0.046414857987174256,-0.010138333590201522,0.021688221355649115,0.06484111671156384,-0.4726755515564976,0.20229584367545164,-0.029951721777130035,0.09380875295992813,0.0,6.742982642181675,0.11733574529815041,0.7315202469332623,312,4096
D,Jittered Cartesian grid (seed=123456),2000,histogram,Histogram occupancy (current control),0.0005921379197388887,0.5505492985012602,0.7710673208500916,0.5707854755322752,0.9374902057292069,nan,0.014085995882506601,-0.011968768960794716,0.03459163737945308,-0.5,-0.5,-0.5,0.0,0.0,6.742601418262611,0.1787663765620078,0.9315286986103979,288,4096
D,Jittered Cartesian grid (seed=123456),2000,kernel,Gaussian KDE (Scott bandwidth),0.1223651779582724,2550303657.6131845,0.5151895582001413,0.5185142561463185,0.7195648546185707,-0.028454335613603086,-0.008998475464297512,0.0046364860333518625,0.06769880898630537,-0.5,16648258753.053623,447007945.4309519,2510823100.6578293,0.0,6.710257973317829,0.11255350423039233,0.7171283813808553,928,4096
D,Jittered Cartesian grid (seed=123456),2000,jacobian,Ray-bundle Jacobian (linear fit per bin),0.03452264401130378,0.16289572676514735,0.10036545968255552,0.08513386309479617,0.06384244687167882,0.12271368464269852,0.12231397109965697,0.03585834898793325,0.13269949973679682,-0.5126506586224813,0.656152975315387,0.009073537459781126,0.1549979058153779,0.0034518904317724763,0.35143189553265625,0.08320493342300929,0.05576744483950839,253,253
D,Jittered Cartesian grid (seed=123456),2000,area,Finite area distortion (initial vs final spread),0.03178185108117759,0.16213791674994407,0.09447389355393296,0.04876327938714316,0.05944520609770368,0.09738664227673637,0.10331468717080877,-0.01668909822790949,0.1132369876825741,-0.560862329797106,0.3739143790159031,-0.005608703921760953,0.148100603803134,0.00021798680443818608,0.27841318608799426,0.05669541380258241,0.04795861817691277,253,253
D,Jittered Cartesian grid (seed=123456),2000,divergence,Displacement divergence (∇·d),0.0005682070041075349,1.3887169642166681,1.3709601906871582,1.3773919666089098,1.9073319473607047,-0.0935680121492112,0.023680515384138828,-0.000858184074485798,0.002500017022646853,-4.820190063410032,0.13472076388383442,-0.3941932742776799,1.3099565347072617,0.0019866675859490836,6.710985435017065,0.8108296304786253,1.7585251629987193,288,288
D,Jittered Cartesian grid (seed=123456),2000,knn,Adaptive k-nearest-neighbour density,0.004696576041169465,0.14890242976217147,0.5151944606769979,0.5185041375938373,0.7195601423891156,-0.16029417628308062,-0.008996457897495216,0.08420784022468035,0.06771329241533948,-0.4172675462163322,0.25745745989767055,-0.019929100581628455,0.1107354045627185,0.0,6.710985435017065,0.11255635882793225,0.7171235917010153,288,4096
D,Jittered Cartesian grid (seed=123456),2000,voronoi,Voronoi area method,0.07253731100354344,40.7876709422028,0.5151944606769979,0.5185041375938373,0.7195601423891156,-0.05689104547797798,-0.008996457897495216,0.0024378781435006277,0.06771329241533948,-308.253419040497,-1.0624022236751482,-13.183610014612855,38.578685536647576,0.0,6.710985435017065,0.11255635882793225,0.7171235917010153,288,4096
D,Jittered Cartesian grid (seed=123456),2000,triangulation,Delaunay triangulation area method,0.004867797950282693,0.17163598576334765,0.5151944606769979,0.5185041375938373,0.7195601423891156,0.05942944938985277,-0.008996457897495216,-0.05940219644651272,0.06771329241533948,-1.5960432073999102,0.2844164704817196,-0.01784153510695227,0.1513481345827798,0.0,6.710985435017065,0.11255635882793225,0.7171235917010153,288,4096
D,Jittered Cartesian grid (seed=123456),5000,histogram,Histogram occupancy (current control),0.0008138389093801379,0.5505492985012602,0.7787606060615133,0.5898895107374943,0.954474304380457,nan,0.010036086299537523,-0.011968768960794716,0.03251686555463088,-0.5,-0.5,-0.5,0.0,0.0,6.755812872843323,0.1858446783607025,0.9476715575494593,288,4096
D,Jittered Cartesian grid (seed=123456),5000,kernel,Gaussian KDE (Scott bandwidth),0.35325939604081213,156963622.03231713,0.5151674751678311,0.5184867172108351,0.7195449095805339,0.000780194554330055,-0.009017025602083041,0.005583230443058034,0.06780274705644339,-0.5,1118348815.8039055,29809925.35775147,154106933.63650143,0.0,6.714981182799874,0.11249034895247387,0.7171108443105169,822,4096
D,Jittered Cartesian grid (seed=123456),5000,jacobian,Ray-bundle Jacobian (linear fit per bin),0.04552153602708131,0.15865245116767507,0.0930379358322505,0.08076250470484758,0.05884862159185868,0.05795489872906701,0.1160548743693106,-0.0020566995672273184,0.12430859437743909,-0.3992999174816023,0.493498753519638,-0.0012661511925887497,0.14292812098648972,0.008698298700392222,0.2556635316025746,0.07580521297557721,0.04986310562049328,288,288
D,Jittered Cartesian grid (seed=123456),5000,area,Finite area distortion (initial vs final spread),0.04237852792721242,0.16037502549567575,0.08991158015797646,0.048839634277724295,0.06015373061572217,0.03656710197394517,0.06881884892635226,-0.01949307883466474,0.07641810732940957,-0.41159370491991787,0.36665688250346073,-0.01609041336617214,0.13761214019761409,0.00012291492871246978,0.23167529528921643,0.052550691284016876,0.0461055217857488,288,288
D,Jittered Cartesian grid (seed=123456),5000,divergence,Displacement divergence (∇·d),0.0007369379745796323,1.3887308494805144,1.3708398813809883,1.3772505026048691,1.9072244983902389,-0.09328122971195948,0.023531027987968803,-0.0008539511701145255,0.002504193033919705,-4.811202914745145,0.12223785380121396,-0.3942636014221896,1.3099640191029198,0.0012630994994979976,6.715713748037211,0.8100055611668204,1.7587496189868703,288,288
D,Jittered Cartesian grid (seed=123456),5000,knn,Adaptive k-nearest-neighbour density,0.011688209953717887,0.16071484993882773,0.5151716331830914,0.518477350832038,0.7195396263578927,-0.10126964136440804,-0.009010061406391632,0.05217340698051453,0.06781697072787247,-0.5690837547201361,0.25376128873613213,-0.028166686373540237,0.1238548955449726,0.0,6.715713748037211,0.11249834125474203,0.7171054210204567,288,4096
D,Jittered Cartesian grid (seed=123456),5000,voronoi,Voronoi area method,0.1807254459708929,38.66319952343147,0.5151716331830914,0.518477350832038,0.7195396263578927,0.00942938963731973,-0.009010061406391632,0.0006236928978873235,0.06781697072787247,-231.61922485316555,-0.9615647452789869,-15.045895492395788,35.595882117007456,0.0,6.715713748037211,0.11249834125474203,0.7171054210204567,288,4096
D,Jittered Cartesian grid (seed=123456),5000,triangulation,Delaunay triangulation area method,0.01213063602335751,0.15039397854060074,0.5151716331830914,0.518477350832038,0.7195396263578927,0.017375699881496325,-0.009010061406391632,-0.019546137359801798,0.06781697072787247,-0.480530910004702,0.24147046588541352,-0.023703245470378505,0.12029094541004069,0.0,6.715713748037211,0.11249834125474203,0.7171054210204567,288,4096
D,Jittered Cartesian grid (seed=123456),10000,histogram,Histogram occupancy (current control),0.0012440250720828772,0.5505492985012602,0.7786052618645377,0.5701872436319626,0.943219664888451,nan,0.009031560790301133,-0.011968768960794716,0.03347389076051069,-0.5,-0.5,-0.5,0.0,0.0,6.744945250166916,0.18258947632001526,0.9366659052671144,288,4096
D,Jittered Cartesian grid (seed=123456),10000,kernel,Gaussian KDE (Scott bandwidth),0.8872467580949888,64015.10048840569,0.5151565453658008,0.5185162479939108,0.7195566439774428,0.04404416338979613,-0.008956115386264311,0.001624609593118626,0.06774925875211919,-0.5,344883.98841124814,13527.694531870793,62569.451422766266,0.0,6.7118033134277075,0.11246729325716745,0.7171262509576616,734,4096
D,Jittered Cartesian grid (seed=123456),10000,jacobian,Ray-bundle Jacobian (linear fit per bin),0.06324798695277423,0.15011203166102705,0.08937779012116796,0.07781951918937617,0.05670116334017664,0.06911215556998668,0.07142584102216869,-0.005709095589313079,0.08218383196542056,-0.4524509201316427,0.3690711247912949,-0.002560775450560743,0.13330603733123356,0.00487517408375432,0.22577368302533313,0.07137335817403298,0.0455147640658516,288,288
D,Jittered Cartesian grid (seed=123456),10000,area,Finite area distortion (initial vs final spread),0.05687514098826796,0.15327220409884929,0.08598442649353623,0.048839634277724295,0.059786821184786725,0.04514374101478916,0.011019822537810213,-0.02878894249325613,0.025420450585770284,-0.48334030537936634,0.31439714986553413,-0.018337827846846826,0.12847852393006876,4.219134781213718e-05,0.24099674605265953,0.049944999395365064,0.04215097407066634,288,288
D,Jittered Cartesian grid (seed=123456),10000,divergence,Displacement divergence (∇·d),0.0011376339243724942,1.388789264596659,1.37077481889618,1.3773806030099986,1.9072644979255093,-0.09338855425544239,0.02385148374235686,-0.000854387728028811,0.002504942915934617,-4.813709377114466,0.12836600035938509,-0.39429512856487064,1.3100089504521948,0.0020321214022212468,6.712506219501936,0.809622334569791,1.7589659856125417,288,288
D,Jittered Cartesian grid (seed=123456),10000,knn,Adaptive k-nearest-neighbour density,0.024401411996223032,0.17010592943767733,0.5151598841728161,0.5185008881569093,0.7195472852654522,-0.1363540626613597,-0.008954206636062154,0.08597811079989656,0.06776385685742708,-0.5203172022654888,0.25379127072081936,-0.039069308808018316,0.12699475438412847,0.0,6.712506219501936,0.1124714266361458,0.7171167323338731,288,4096
D,Jittered Cartesian grid (seed=123456),10000,voronoi,Voronoi area method,0.36246622900944203,36.344525785740196,0.5151598841728161,0.5185008881569093,0.7195472852654522,0.010507339162686332,-0.008954206636062154,0.0004931968018615173,0.06776385685742708,-209.85727424240275,-1.181790532647391,-14.406948614366236,33.3471081228354,0.0,6.712506219501936,0.1124714266361458,0.7171167323338731,288,4096
D,Jittered Cartesian grid (seed=123456),10000,triangulation,Delaunay triangulation area method,0.024086078978143632,0.2626088736942357,0.5151598841728161,0.5185008881569093,0.7195472852654522,-0.028661797535919943,-0.008954206636062154,-0.08945456456466325,0.06776385685742708,-3.5162643208722515,0.21724604357454425,-0.05225289949291175,0.2343467203418535,0.0,6.712506219501936,0.1124714266361458,0.7171167323338731,288,4096
D,Jittered Cartesian grid (seed=123456),20000,histogram,Histogram occupancy (current control),0.002135965973138809,0.5505492985012602,0.7714784475416616,0.5507388298779697,0.9259532348706792,nan,0.006568716153230059,-0.011968768960794716,0.0347599411184211,-0.5,-0.5,-0.5,0.0,0.0,6.733573378653965,0.17973166564650364,0.9194967368791143,288,4096
D,Jittered Cartesian grid (seed=123456),20000,kernel,Gaussian KDE (Scott bandwidth),2.3643152610166,1570957.688600456,0.5151693457824302,0.5185158283167989,0.719565970558319,0.04988978762991803,-0.008951783891280965,0.002280695993115968,0.06777408533996593,-0.5,8894717.422766441,305073.4360833094,1541051.0363019176,0.0,6.713057557624906,0.1124563272313912,0.7171363373085664,687,4096
D,Jittered Cartesian grid (seed=123456),20000,jacobian,Ray-bundle Jacobian (linear fit per bin),0.08675225591287017,0.15272184404403233,0.08970068636699403,0.07703333825928581,0.05612258723453964,0.025662440324364457,0.10917866857669055,-0.00085571357920018,0.11839136206024956,-0.41454573447511534,0.4188036387152879,-0.0009798548968284555,0.1343609983481141,0.0035538490129682506,0.22845923264655618,0.07081923357780008,0.04626364812985496,288,288
D,Jittered Cartesian grid (seed=123456),20000,area,Finite area distortion (initial vs final spread),0.08295647008344531,0.1553333561544422,0.08641858175042058,0.048839634277724295,0.05828423832410032,0.0018906085936508995,0.05696718021846031,-0.00642285346899489,0.06638739268025905,-0.44950643871389073,0.3114465507604327,-0.016870390192666496,0.1292061755794953,0.00011619835360199282,0.22720209076418818,0.050753467433742344,0.042154610469369906,288,288
D,Jittered Cartesian grid (seed=123456),20000,divergence,Displacement divergence (∇·d),0.001586488913744688,1.3887404534271879,1.3708401572698736,1.3773811196624761,1.907315278893614,-0.09357004959376529,0.023868032864219957,-0.0008540122914721765,0.0025062032360465714,-4.816427094000764,0.12659663519399755,-0.39426300638345385,1.309957798037635,0.0012295588673347127,6.713923944517594,0.8094785845707013,1.759082069708206,288,288
D,Jittered Cartesian grid (seed=123456),20000,knn,Adaptive k-nearest-neighbour density,0.04756682692095637,0.18202663965173818,0.5151720745246599,0.518501147968595,0.7195567072201882,-0.12966694317705063,-0.008949504904707258,0.08191146005416446,0.06779169363674402,-0.4959398210948283,0.20095386966589454,-0.05471438103116755,0.1318920583843506,0.0,6.713923944517594,0.11246131267765365,0.7171268860725524,288,4096
D,Jittered Cartesian grid (seed=123456),20000,voronoi,Voronoi area method,0.7069838829338551,34.16960233675709,0.5151720745246599,0.518501147968595,0.7195567072201882,-0.01046226610087295,-0.008949504904707258,0.0002459144865051936,0.06779169363674402,-176.97709272029104,-1.1182751715796009,-14.222219905468389,31.04666212691845,0.0,6.713923944517594,0.11246131267765365,0.7171268860725524,288,4096
D,Jittered Cartesian grid (seed=123456),20000,triangulation,Delaunay triangulation area method,0.04883171198889613,0.18064210218917023,0.5151720745246599,0.518501147968595,0.7195567072201882,-0.04627560413332207,-0.008949504904707258,-0.002578108992565288,0.06779169363674402,-0.8691677507482459,0.19508778222782266,-0.07409990944030902,0.1178754733656175,0.0,6.713923944517594,0.11246131267765365,0.7171268860725524,288,4096
E,Multi-resolution (dense central),2000,histogram,Histogram occupancy (current control),0.0005868570879101753,0.55339421191319,0.7564385397707031,0.5209187949438795,0.8960457081285622,nan,0.015366894600378593,-0.011586636272655644,0.038242783849438945,-0.5,-0.5,-0.5,0.0,0.0,6.716361216837387,0.1730417748867656,0.8904747753005159,248,4096
E,Multi-resolution (dense central),2000,kernel,Gaussian KDE (Scott bandwidth),0.1242456209147349,2820099637.9950047,0.694732989000553,0.518710819463241,0.8565980755438755,-0.03120563485208955,-0.012785158336451151,0.04645819113639811,0.10821403068995676,-0.5,33359241591.031414,401941790.6684126,2791308790.722656,0.0,10.599760856833608,0.1368296799112457,0.8529561417720785,814,4096
E,Multi-resolution (dense central),2000,jacobian,Ray-bundle Jacobian (linear fit per bin),0.03384133300278336,0.4713036403057138,0.24410740222326205,0.08863830738348508,0.20885821996931478,-0.11504682913693545,0.07359164631523332,-0.010354157676952446,0.03109679522493649,-0.5822050134748944,1.4061124865504917,0.21225211141633038,0.4321398039575922,0.005254179172627384,0.7548896545949065,0.17444303225027832,0.18045398240826413,233,233
E,Multi-resolution (dense central),2000,area,Finite area distortion (initial vs final spread),0.03159930603578687,2830235964.0022593,23645943635.590275,0.047427173291285415,23645943635.56213,0.09150945194065922,-0.010454723887426659,0.007535220483936559,0.002886330071427371,-26215927388.39765,0.4095074260617131,-798264322.4114676,2715328651.09248,1.1682668815793384e-05,179729321133.55096,7625868331.420832,22382510641.326313,233,233
E,Multi-resolution (dense central),2000,divergence,Displacement divergence (∇·d),0.0005424970295280218,2.4186225258800698,2.4020948717988504,1.4845881239503387,2.7908833372555586,0.05127743228958695,0.030712202525455343,-0.002361599073742339,0.0018915223267622265,-9.518355657747886,4.785545973902058,-0.6104836558000565,2.3289718910287576,0.0004539639850857746,10.597260082607365,1.339433119271065,2.486849151722775,248,248
E,Multi-resolution (dense central),2000,knn,Adaptive k-nearest-neighbour density,0.004664145060814917,0.18095856401969215,0.6947282374222162,0.5186914225110377,0.8565831373761709,0.1266067549667609,-0.012791548577797076,0.06217549413360851,0.10817102046506948,-0.5277400975489622,0.3955230390195695,0.12770891556927402,0.15979515681309642,0.0,10.597260082607365,0.13682565468985686,0.8529411772484532,248,4096
E,Multi-resolution (dense central),2000,voronoi,Voronoi area method,0.07262211595661938,28.360641397428655,0.6947282374222162,0.5186914225110377,0.8565831373761709,-0.012871470558634215,-0.012791548577797076,0.0011494741881593327,0.10817102046506948,-209.83269879047398,-0.6391286801902364,-12.392611869003293,25.48453584426639,0.0,10.597260082607365,0.13682565468985686,0.8529411772484532,248,4096
E,Multi-resolution (dense central),2000,triangulation,Delaunay triangulation area method,0.008887356030754745,0.14916779635617958,0.6947282374222162,0.5186914225110377,0.8565831373761709,0.032452969377058216,-0.012791548577797076,-0.004682996474713648,0.10817102046506948,-0.4816381474417026,0.3648448082823045,-0.0036114286823511034,0.12742487194941526,0.0,10.597260082607365,0.13682565468985686,0.8529411772484532,248,4096
E,Multi-resolution (dense central),5000,histogram,Histogram occupancy (current control),0.0007838690653443336,0.5524774664032059,0.8643797169356564,0.5505341128725217,1.0027934852854246,nan,0.012401447022827777,-0.012275419112769862,0.027040352985918347,-0.5,-0.5,-0.5,0.0,0.0,6.730118835542779,0.21152309479978018,0.9932676943683442,270,4096
E,Multi-resolution (dense central),5000,kernel,Gaussian KDE (Scott bandwidth),0.3570710059721023,270667320.4243643,0.7478411751352213,0.5183832272268513,0.8985325683963691,0.037463405076582815,-0.004844368664856498,0.09397114267973727,0.09507607126930287,-0.5,4076089029.329816,37192588.01395977,268099813.03127742,0.0,10.596722986095552,0.15360507806904888,0.8940605478445864,741,4096
E,Multi-resolution (dense central),5000,jacobian,Ray-bundle Jacobian (linear fit per bin),0.044989885995164514,0.5307381897018754,0.273944501261618,0.11325257308312192,0.24256392797074688,-0.10320999425760785,0.09146631975727139,-0.005920871159226591,0.027158886385210176,-0.44680399903864654,1.4959107752545995,0.2643823031818726,0.476644598594711,0.004608059799762383,0.7545989498746115,0.20688658972049795,0.20090100552635223,259,259
E,Multi-resolution (dense central),5000,area,Finite area distortion (initial vs final spread),0.04260747705120593,2369359940.643251,19599967970.615067,0.04808261830324593,19599967970.58795,0.06078666031378453,-0.04934468453703226,0.004568361770628695,0.0027018662105175615,-20734598103.565605,0.39696620403101046,-797323579.7070779,2231174945.5168653,0.00012879899002193884,150490773831.96362,6730025889.997236,18408299649.042244,259,259
E,Multi-resolution (dense central),5000,divergence,Displacement divergence (∇·d),0.0007449290715157986,2.5570380108036357,2.5420859155008815,1.4212702300611693,2.8766498350106597,0.036089662914277794,0.052246037307615296,-0.002176614431195325,0.001735538573984401,-9.521474803612218,4.787285036558738,-0.525861882866523,2.492901388303187,0.00045902549673575307,10.594486640327073,1.4864735512977003,2.5060598146582858,270,270
E,Multi-resolution (dense central),5000,knn,Adaptive k-nearest-neighbour density,0.011208883952349424,0.20805986198123808,0.7478405128111815,0.518358794591446,0.8985168438371737,0.06780895250818114,-0.0048401808473940485,0.0331097473660455,0.09503938271099069,-0.6721497859869877,0.43734270245863255,0.12266312593898492,0.18988635313617475,0.0,10.594486640327073,0.15361286496865972,0.8940442416985979,270,4096
E,Multi-resolution (dense central),5000,voronoi,Voronoi area method,0.17945026699453592,32.620310788319244,0.7478405128111815,0.518358794591446,0.8985168438371737,-0.0005810238893318474,-0.0048401808473940485,0.0008208508433100881,0.09503938271099069,-225.98173489828727,-0.5689568492835724,-14.9836537841721,28.949712492803897,0.0,10.594486640327073,0.15361286496865972,0.8940442416985979,270,4096
E,Multi-resolution (dense central),5000,triangulation,Delaunay triangulation area method,0.022310905042104423,0.138530414286018,0.7478405128111815,0.518358794591446,0.8985168438371737,0.01644775565885654,-0.0048401808473940485,-0.016731870233443056,0.09503938271099069,-0.46994999176542934,0.27976924774037804,-0.017820620677666574,0.10729168354665415,0.0,10.594486640327073,0.15361286496865972,0.8940442416985979,270,4096
E,Multi-resolution (dense central),10000,histogram,Histogram occupancy (current control),0.0012005639728158712,0.5511192856236186,0.8195715489262521,0.5404993804372152,0.9596712831106285,nan,0.011063974982172457,-0.011820969793757862,0.031481694282685505,-0.5,-0.5,-0.5,0.0,0.0,6.745354630713327,0.19192801845985755,0.9522281560485371,280,4096
E,Multi-resolution (dense central),10000,kernel,Gaussian KDE (Scott bandwidth),0.8892669850029051,182782.176273603,0.5937136252709494,0.5183882269613698,0.7769412591855006,0.01729892383046567,-0.014825237188580292,0.020921996756452607,0.05599364868153654,-0.5,1773152.6037331705,29807.738377854832,180335.31540114575,0.0,6.740736857990254,0.1282574961683358,0.7735216879458844,679,4096
E,Multi-resolution (dense central),10000,jacobian,Ray-bundle Jacobian (linear fit per bin),0.06181415496394038,0.5329352671927353,0.270891506600512,0.20438402512650852,0.29593844310129114,-0.12011308649616999,0.04636921552525637,-0.006595656210771497,0.046918029549123906,-0.47074603440193874,1.6238829151405136,0.2615024290930768,0.47787370233250615,0.011766867854303534,2.299314520298635,0.214515164903321,0.25799084206079037,280,280
E,Multi-resolution (dense central),10000,area,Finite area distortion (initial vs final spread),0.057212669984437525,60211542031.96104,1096722017400.9067,0.049145288908684255,1096722017400.9006,0.07043923888560587,-0.020899925979020503,0.09381730934411764,0.09421659083124044,-814912586607.806,0.34974203118627156,-5881930132.18438,59923557068.87433,1.6765356238845897e-05,14554087064808.305,98965787196.0936,1092247662582.3336,280,280
E,Multi-resolution (dense central),10000,divergence,Displacement divergence (∇·d),0.0010017820168286562,1.8043193418628136,1.7908391980648901,1.3968010221669713,2.2354810002630003,-0.01934561912380402,0.00042078007541058895,-0.0011978165862687078,0.0013841108808817402,-4.817771824509447,4.791273953887558,-0.4055941610584292,1.7442662680610803,0.0017118938018126535,6.740527145431637,1.0633526811183112,2.0029763990323364,280,280
E,Multi-resolution (dense central),10000,knn,Adaptive k-nearest-neighbour density,0.022242085076868534,0.24045593641939458,0.5937239089721116,0.5183568698085915,0.7769278829656041,0.034442456678009714,-0.014827547270520358,0.02324470098125463,0.05599109308407708,-0.9573404089984171,0.41076049794866476,0.10679112357258731,0.22778154581446639,0.0,6.740527145431637,0.12826207034981676,0.7735078606152404,280,4096
E,Multi-resolution (dense central),10000,voronoi,Voronoi area method,0.3587124369805679,35.45632722411803,0.5937239089721116,0.5183568698085915,0.7769278829656041,-0.004403497934730305,-0.014827547270520358,0.0013439422264951582,0.05599109308407708,-263.8692275393074,-0.5642218859180069,-15.124748236320501,32.04556305944973,0.0,6.740527145431637,0.12826207034981676,0.7735078606152404,280,4096
E,Multi-resolution (dense central),10000,triangulation,Delaunay triangulation area method,0.048754760064184666,0.14496640768477828,0.5937239089721116,0.5183568698085915,0.7769278829656041,0.03744159581659711,-0.014827547270520358,-0.04254377302776266,0.05599109308407708,-0.42966160646630674,0.26712726234249773,-0.03952020042545846,0.10197658983635084,0.0,6.740527145431637,0.12826207034981676,0.7735078606152404,280,4096
E,Multi-resolution (dense central),20000,histogram,Histogram occupancy (current control),0.002015494043007493,0.5505492985012602,0.771498464872362,0.5407379685865779,0.9200166890905881,nan,0.011476870142495965,-0.011968768960794716,0.03629527193439244,-0.5,-0.5,-0.5,0.0,0.0,6.781596296176895,0.17718012994164106,0.9140016114051562,288,4096
E,Multi-resolution (dense central),20000,kernel,Gaussian KDE (Scott bandwidth),2.4273929599439725,1427557.4300310994,0.5151407598270339,0.518527494153862,0.7195578308408772,0.05862537373162482,-0.008960561583589662,0.0067105501439397265,0.06800927713696779,-0.5,9826930.71393397,225037.57895947044,1409708.5994286998,0.0,6.725239415572753,0.11245535938015849,0.7171278680264178,640,4096
E,Multi-resolution (dense central),20000,jacobian,Ray-bundle Jacobian (linear fit per bin),0.09243406599853188,0.4548636337365834,0.2286955377457302,0.11767415388225214,0.21154196978439427,-0.11976618984836995,0.056934559702463736,-0.012601823947355083,0.03994329691878462,-0.4262700586962993,1.0,0.1931395623265272,0.4202246101049605,0.006660447166700233,1.1968421635823185,0.17012612127246396,0.18531416817875,288,288
E,Multi-resolution (dense central),20000,area,Finite area distortion (initial vs final spread),0.08676734892651439,1930620211.6485963,16953012570.33149,0.048839634277724295,16953012570.296568,0.12766979793978087,0.01971485482282965,0.004081869978448687,0.0026259187977096905,-15942235361.996235,0.31765596717684585,-609887085.3775868,1831756573.5339005,0.0008595726402949033,126812816135.84262,5579383958.2969675,16008594874.483791,288,288
E,Multi-resolution (dense central),20000,divergence,Displacement divergence (∇·d),0.0015630589332431555,1.388845134659982,1.370707030170412,1.3774134066717574,1.9072601741618207,-0.09322683600580085,0.02380353302652594,-0.0008667765173764532,0.0025141810497721125,-4.822547546630353,0.1320363477438362,-0.3941913067387698,1.3101120776719637,0.0013817688485847925,6.725588991181392,0.8094568854282984,1.7590290023685586,288,288
E,Multi-resolution (dense central),20000,knn,Adaptive k-nearest-neighbour density,0.04675194399897009,0.23499093132025795,0.5151468409772997,0.5185068671810706,0.7195467877059831,0.012056565384544941,-0.008959701850091133,0.015249119062891857,0.06801723599875972,-0.9278152898523832,0.3930061100641406,0.10678972108242786,0.22068210460046325,0.0,6.725588991181392,0.1124598411251178,0.7171166000282764,288,4096
E,Multi-resolution (dense central),20000,voronoi,Voronoi area method,0.7267151529667899,39.21688033516078,0.5151468409772997,0.5185068671810706,0.7195467877059831,-0.007707117301107122,-0.008959701850091133,0.0006167613376852878,0.06801723599875972,-242.2129967798182,-0.625561603696935,-16.535104877067354,35.537938220130336,0.0,6.725588991181392,0.1124598411251178,0.7171166000282764,288,4096
E,Multi-resolution (dense central),20000,triangulation,Delaunay triangulation area method,0.10003362502902746,0.26658335515373005,0.5151468409772997,0.5185068671810706,0.7195467877059831,0.06081676105684337,-0.008959701850091133,-0.09707023027635163,0.06801723599875972,-2.7486025113474812,0.18391262711075632,-0.08999537929895687,0.2245234786555357,0.0,6.725588991181392,0.1124598411251178,0.7171166000282764,288,4096
