cluster_id,candidate_id,pair_symmetrization,magnitude_formulation,longitudinal_reference,response_energy,f_irr_3d,antisymmetry_error
Abell2744,PL1_PM1_PS1,PS1,PM1,PL1,0.0,0.0,0.0
Abell2744,PL1_PM1_PS2,PS2,PM1,PL1,0.0,0.0,0.0
Abell2744,PL1_PM2_PS1,PS1,PM2,PL1,0.0,0.0,0.0
Abell2744,PL1_PM2_PS2,PS2,PM2,PL1,0.0,0.0,0.0
Abell2744,PL2_PM1_PS1,PS1,PM1,PL2,0.0,0.0,0.0
Abell2744,PL2_PM1_PS2,PS2,PM1,PL2,0.0,0.0,0.0
Abell2744,PL2_PM2_PS1,PS1,PM2,PL2,0.0,0.0,0.0
Abell2744,PL2_PM2_PS2,PS2,PM2,PL2,0.0,0.0,0.0
Abell2744,PL3_PM1_PS1,PS1,PM1,PL3,0.0,0.0,0.0
Abell2744,PL3_PM1_PS2,PS2,PM1,PL3,0.0,0.0,0.0
Abell2744,PL3_PM2_PS1,PS1,PM2,PL3,0.0,0.0,0.0
Abell2744,PL3_PM2_PS2,PS2,PM2,PL3,0.0,0.0,0.0
Abell2744,PL4_PM1_PS1,PS1,PM1,PL4,0.0,0.0,0.0
Abell2744,PL4_PM1_PS2,PS2,PM1,PL4,0.0,0.0,0.0
Abell2744,PL4_PM2_PS1,PS1,PM2,PL4,0.0,0.0,0.0
Abell2744,PL4_PM2_PS2,PS2,PM2,PL4,0.0,0.0,0.0
Abell2744,PL5_PM1_PS1,PS1,PM1,PL5,0.0,0.0,0.0
Abell2744,PL5_PM1_PS2,PS2,PM1,PL5,0.0,0.0,0.0
Abell2744,PL5_PM2_PS1,PS1,PM2,PL5,0.0,0.0,0.0
Abell2744,PL5_PM2_PS2,PS2,PM2,PL5,0.0,0.0,0.0
Abell2744,PL6_PM1_PS1,PS1,PM1,PL6,0.0,0.0,0.0
Abell2744,PL6_PM1_PS2,PS2,PM1,PL6,0.0,0.0,0.0
Abell2744,PL6_PM2_PS1,PS1,PM2,PL6,0.0,0.0,0.0
Abell2744,PL6_PM2_PS2,PS2,PM2,PL6,0.0,0.0,0.0
MACS0416,PL1_PM1_PS1,PS1,PM1,PL1,0.0,0.0,0.0
MACS0416,PL1_PM1_PS2,PS2,PM1,PL1,0.0,0.0,0.0
MACS0416,PL1_PM2_PS1,PS1,PM2,PL1,0.0,0.0,0.0
MACS0416,PL1_PM2_PS2,PS2,PM2,PL1,0.0,0.0,0.0
MACS0416,PL2_PM1_PS1,PS1,PM1,PL2,0.0,0.0,0.0
MACS0416,PL2_PM1_PS2,PS2,PM1,PL2,0.0,0.0,0.0
MACS0416,PL2_PM2_PS1,PS1,PM2,PL2,0.0,0.0,0.0
MACS0416,PL2_PM2_PS2,PS2,PM2,PL2,0.0,0.0,0.0
MACS0416,PL3_PM1_PS1,PS1,PM1,PL3,0.0,0.0,0.0
MACS0416,PL3_PM1_PS2,PS2,PM1,PL3,0.0,0.0,0.0
MACS0416,PL3_PM2_PS1,PS1,PM2,PL3,0.0,0.0,0.0
MACS0416,PL3_PM2_PS2,PS2,PM2,PL3,0.0,0.0,0.0
MACS0416,PL4_PM1_PS1,PS1,PM1,PL4,0.0,0.0,0.0
MACS0416,PL4_PM1_PS2,PS2,PM1,PL4,0.0,0.0,0.0
MACS0416,PL4_PM2_PS1,PS1,PM2,PL4,0.0,0.0,0.0
MACS0416,PL4_PM2_PS2,PS2,PM2,PL4,0.0,0.0,0.0
MACS0416,PL5_PM1_PS1,PS1,PM1,PL5,0.0,0.0,0.0
MACS0416,PL5_PM1_PS2,PS2,PM1,PL5,0.0,0.0,0.0
MACS0416,PL5_PM2_PS1,PS1,PM2,PL5,0.0,0.0,0.0
MACS0416,PL5_PM2_PS2,PS2,PM2,PL5,0.0,0.0,0.0
MACS0416,PL6_PM1_PS1,PS1,PM1,PL6,0.0,0.0,0.0
MACS0416,PL6_PM1_PS2,PS2,PM1,PL6,0.0,0.0,0.0
MACS0416,PL6_PM2_PS1,PS1,PM2,PL6,0.0,0.0,0.0
MACS0416,PL6_PM2_PS2,PS2,PM2,PL6,0.0,0.0,0.0
MACS1149,PL1_PM1_PS1,PS1,PM1,PL1,0.0,0.0,0.0
MACS1149,PL1_PM1_PS2,PS2,PM1,PL1,0.0,0.0,0.0
MACS1149,PL1_PM2_PS1,PS1,PM2,PL1,0.0,0.0,0.0
MACS1149,PL1_PM2_PS2,PS2,PM2,PL1,0.0,0.0,0.0
MACS1149,PL2_PM1_PS1,PS1,PM1,PL2,0.0,0.0,0.0
MACS1149,PL2_PM1_PS2,PS2,PM1,PL2,0.0,0.0,0.0
MACS1149,PL2_PM2_PS1,PS1,PM2,PL2,0.0,0.0,0.0
MACS1149,PL2_PM2_PS2,PS2,PM2,PL2,0.0,0.0,0.0
MACS1149,PL3_PM1_PS1,PS1,PM1,PL3,0.0,0.0,0.0
MACS1149,PL3_PM1_PS2,PS2,PM1,PL3,0.0,0.0,0.0
MACS1149,PL3_PM2_PS1,PS1,PM2,PL3,0.0,0.0,0.0
MACS1149,PL3_PM2_PS2,PS2,PM2,PL3,0.0,0.0,0.0
MACS1149,PL4_PM1_PS1,PS1,PM1,PL4,0.0,0.0,0.0
MACS1149,PL4_PM1_PS2,PS2,PM1,PL4,0.0,0.0,0.0
MACS1149,PL4_PM2_PS1,PS1,PM2,PL4,0.0,0.0,0.0
MACS1149,PL4_PM2_PS2,PS2,PM2,PL4,0.0,0.0,0.0
MACS1149,PL5_PM1_PS1,PS1,PM1,PL5,0.0,0.0,0.0
MACS1149,PL5_PM1_PS2,PS2,PM1,PL5,0.0,0.0,0.0
MACS1149,PL5_PM2_PS1,PS1,PM2,PL5,0.0,0.0,0.0
MACS1149,PL5_PM2_PS2,PS2,PM2,PL5,0.0,0.0,0.0
MACS1149,PL6_PM1_PS1,PS1,PM1,PL6,0.0,0.0,0.0
MACS1149,PL6_PM1_PS2,PS2,PM1,PL6,0.0,0.0,0.0
MACS1149,PL6_PM2_PS1,PS1,PM2,PL6,0.0,0.0,0.0
MACS1149,PL6_PM2_PS2,PS2,PM2,PL6,0.0,0.0,0.0
AbellS1063,PL1_PM1_PS1,PS1,PM1,PL1,0.0,0.0,0.0
AbellS1063,PL1_PM1_PS2,PS2,PM1,PL1,0.0,0.0,0.0
AbellS1063,PL1_PM2_PS1,PS1,PM2,PL1,0.0,0.0,0.0
AbellS1063,PL1_PM2_PS2,PS2,PM2,PL1,0.0,0.0,0.0
AbellS1063,PL2_PM1_PS1,PS1,PM1,PL2,0.0,0.0,0.0
AbellS1063,PL2_PM1_PS2,PS2,PM1,PL2,0.0,0.0,0.0
AbellS1063,PL2_PM2_PS1,PS1,PM2,PL2,0.0,0.0,0.0
AbellS1063,PL2_PM2_PS2,PS2,PM2,PL2,0.0,0.0,0.0
AbellS1063,PL3_PM1_PS1,PS1,PM1,PL3,0.0,0.0,0.0
AbellS1063,PL3_PM1_PS2,PS2,PM1,PL3,0.0,0.0,0.0
AbellS1063,PL3_PM2_PS1,PS1,PM2,PL3,0.0,0.0,0.0
AbellS1063,PL3_PM2_PS2,PS2,PM2,PL3,0.0,0.0,0.0
AbellS1063,PL4_PM1_PS1,PS1,PM1,PL4,0.0,0.0,0.0
AbellS1063,PL4_PM1_PS2,PS2,PM1,PL4,0.0,0.0,0.0
AbellS1063,PL4_PM2_PS1,PS1,PM2,PL4,0.0,0.0,0.0
AbellS1063,PL4_PM2_PS2,PS2,PM2,PL4,0.0,0.0,0.0
AbellS1063,PL5_PM1_PS1,PS1,PM1,PL5,0.0,0.0,0.0
AbellS1063,PL5_PM1_PS2,PS2,PM1,PL5,0.0,0.0,0.0
AbellS1063,PL5_PM2_PS1,PS1,PM2,PL5,0.0,0.0,0.0
AbellS1063,PL5_PM2_PS2,PS2,PM2,PL5,0.0,0.0,0.0
AbellS1063,PL6_PM1_PS1,PS1,PM1,PL6,0.0,0.0,0.0
AbellS1063,PL6_PM1_PS2,PS2,PM1,PL6,0.0,0.0,0.0
AbellS1063,PL6_PM2_PS1,PS1,PM2,PL6,0.0,0.0,0.0
AbellS1063,PL6_PM2_PS2,PS2,PM2,PL6,0.0,0.0,0.0
Abell370,PL1_PM1_PS1,PS1,PM1,PL1,0.0,0.0,0.0
Abell370,PL1_PM1_PS2,PS2,PM1,PL1,0.0,0.0,0.0
Abell370,PL1_PM2_PS1,PS1,PM2,PL1,0.0,0.0,0.0
Abell370,PL1_PM2_PS2,PS2,PM2,PL1,0.0,0.0,0.0
Abell370,PL2_PM1_PS1,PS1,PM1,PL2,0.0,0.0,0.0
Abell370,PL2_PM1_PS2,PS2,PM1,PL2,0.0,0.0,0.0
Abell370,PL2_PM2_PS1,PS1,PM2,PL2,0.0,0.0,0.0
Abell370,PL2_PM2_PS2,PS2,PM2,PL2,0.0,0.0,0.0
Abell370,PL3_PM1_PS1,PS1,PM1,PL3,0.0,0.0,0.0
Abell370,PL3_PM1_PS2,PS2,PM1,PL3,0.0,0.0,0.0
Abell370,PL3_PM2_PS1,PS1,PM2,PL3,0.0,0.0,0.0
Abell370,PL3_PM2_PS2,PS2,PM2,PL3,0.0,0.0,0.0
Abell370,PL4_PM1_PS1,PS1,PM1,PL4,0.0,0.0,0.0
Abell370,PL4_PM1_PS2,PS2,PM1,PL4,0.0,0.0,0.0
Abell370,PL4_PM2_PS1,PS1,PM2,PL4,0.0,0.0,0.0
Abell370,PL4_PM2_PS2,PS2,PM2,PL4,0.0,0.0,0.0
Abell370,PL5_PM1_PS1,PS1,PM1,PL5,0.0,0.0,0.0
Abell370,PL5_PM1_PS2,PS2,PM1,PL5,0.0,0.0,0.0
Abell370,PL5_PM2_PS1,PS1,PM2,PL5,0.0,0.0,0.0
Abell370,PL5_PM2_PS2,PS2,PM2,PL5,0.0,0.0,0.0
Abell370,PL6_PM1_PS1,PS1,PM1,PL6,0.0,0.0,0.0
Abell370,PL6_PM1_PS2,PS2,PM1,PL6,0.0,0.0,0.0
Abell370,PL6_PM2_PS1,PS1,PM2,PL6,0.0,0.0,0.0
Abell370,PL6_PM2_PS2,PS2,PM2,PL6,0.0,0.0,0.0
