d1,d2,metric,pearson
D1,D1,pearson_kappa,1.0
D1,D1,coherence_gain,1.0
D1,D1,emergent_memory_index,0.9999999999999998
D1,D1,spatial_correlation_length,1.0
D1,D1,neighbour_coherence_gain,1.0
D1,D1,elastic_persistence_index,0.9999999999999998
D1,D1,phase_field_coherence,0.9999999999999999
D1,D2,pearson_kappa,0.9982225826739889
D1,D2,coherence_gain,0.9305480880904334
D1,D2,emergent_memory_index,0.979918331777668
D1,D2,spatial_correlation_length,1.0
D1,D2,neighbour_coherence_gain,0.9999563643379668
D1,D2,elastic_persistence_index,0.979918331777668
D1,D2,phase_field_coherence,0.946874287695358
D1,D3,pearson_kappa,0.9981814517401103
D1,D3,coherence_gain,0.9368167753690227
D1,D3,emergent_memory_index,0.956197784361287
D1,D3,spatial_correlation_length,1.0
D1,D3,neighbour_coherence_gain,0.9999589327904239
D1,D3,elastic_persistence_index,0.956197784361287
D1,D3,phase_field_coherence,0.8302739052868129
D1,D4,pearson_kappa,0.9994579601841824
D1,D4,coherence_gain,0.9889927305031645
D1,D4,emergent_memory_index,0.9473756924832836
D1,D4,spatial_correlation_length,1.0
D1,D4,neighbour_coherence_gain,0.9999999605118027
D1,D4,elastic_persistence_index,0.9473756924832836
D1,D4,phase_field_coherence,0.8500324832427776
D1,D5,pearson_kappa,0.9993600802933391
D1,D5,coherence_gain,0.9823131274818719
D1,D5,emergent_memory_index,0.8795643178167266
D1,D5,spatial_correlation_length,1.0
D1,D5,neighbour_coherence_gain,0.9999999374758946
D1,D5,elastic_persistence_index,0.8795643178167266
D1,D5,phase_field_coherence,0.8010541557971086
D1,D6,pearson_kappa,0.9994341366675651
D1,D6,coherence_gain,0.9861684053320264
D1,D6,emergent_memory_index,0.9357204483220247
D1,D6,spatial_correlation_length,1.0
D1,D6,neighbour_coherence_gain,0.9999999657141835
D1,D6,elastic_persistence_index,0.9357204483220247
D1,D6,phase_field_coherence,0.8791224516826189
D1,D7,pearson_kappa,0.9978124582933997
D1,D7,coherence_gain,0.9735353568141937
D1,D7,emergent_memory_index,0.8393340569935528
D1,D7,spatial_correlation_length,1.0
D1,D7,neighbour_coherence_gain,0.9999925615122217
D1,D7,elastic_persistence_index,0.8393340569935528
D1,D7,phase_field_coherence,0.9839408100103397
D1,D8,pearson_kappa,0.9986172321602159
D1,D8,coherence_gain,0.9789327230031931
D1,D8,emergent_memory_index,0.9130202949306986
D1,D8,spatial_correlation_length,1.0
D1,D8,neighbour_coherence_gain,0.9999917394768651
D1,D8,elastic_persistence_index,0.9130202949306986
D1,D8,phase_field_coherence,0.9858791335645638
D1,D9,pearson_kappa,1.0
D1,D9,coherence_gain,1.0
D1,D9,emergent_memory_index,0.9999999999999998
D1,D9,spatial_correlation_length,1.0
D1,D9,neighbour_coherence_gain,1.0
D1,D9,elastic_persistence_index,0.9999999999999998
D1,D9,phase_field_coherence,0.9999999999999999
D1,D10,pearson_kappa,0.9997859556317914
D1,D10,coherence_gain,0.9940469865243504
D1,D10,emergent_memory_index,0.9127746360799706
D1,D10,spatial_correlation_length,1.0
D1,D10,neighbour_coherence_gain,0.9999999414211307
D1,D10,elastic_persistence_index,0.9127746360799706
D1,D10,phase_field_coherence,0.9701527949131628
D1,D11,pearson_kappa,0.9998795848321003
D1,D11,coherence_gain,0.9922691929542158
D1,D11,emergent_memory_index,0.932040824834605
D1,D11,spatial_correlation_length,1.0
D1,D11,neighbour_coherence_gain,0.9999999664961617
D1,D11,elastic_persistence_index,0.932040824834605
D1,D11,phase_field_coherence,0.9803261763835465
D1,D12,pearson_kappa,0.9994579601841824
D1,D12,coherence_gain,0.9889927305031645
D1,D12,emergent_memory_index,0.9473756924832836
D1,D12,spatial_correlation_length,1.0
D1,D12,neighbour_coherence_gain,0.9999999605118027
D1,D12,elastic_persistence_index,0.9473756924832836
D1,D12,phase_field_coherence,0.8500324832427776
D1,D13,pearson_kappa,0.9981814517401103
D1,D13,coherence_gain,0.9368167753690227
D1,D13,emergent_memory_index,0.956197784361287
D1,D13,spatial_correlation_length,1.0
D1,D13,neighbour_coherence_gain,0.9999589327904239
D1,D13,elastic_persistence_index,0.956197784361287
D1,D13,phase_field_coherence,0.8302739052868129
D1,D14,pearson_kappa,0.878123131947077
D1,D14,coherence_gain,0.5986183703489201
D1,D14,spatial_correlation_length,1.0
D1,D14,neighbour_coherence_gain,0.9999017936856824
D1,D14,phase_field_coherence,-0.810068664821425
D2,D2,pearson_kappa,1.0
D2,D2,coherence_gain,0.9999999999999998
D2,D2,emergent_memory_index,1.0
D2,D2,spatial_correlation_length,1.0
D2,D2,neighbour_coherence_gain,0.9999999999999999
D2,D2,elastic_persistence_index,1.0
D2,D2,phase_field_coherence,1.0
D2,D3,pearson_kappa,0.999976835314112
D2,D3,coherence_gain,0.99840192352096
D2,D3,emergent_memory_index,0.9920810043876668
D2,D3,spatial_correlation_length,1.0
D2,D3,neighbour_coherence_gain,0.9999999396025399
D2,D3,elastic_persistence_index,0.9920810043876668
D2,D3,phase_field_coherence,0.8451050881553407
D2,D4,pearson_kappa,0.9989202325671708
D2,D4,coherence_gain,0.9659150253138107
D2,D4,emergent_memory_index,0.9246781230865762
D2,D4,spatial_correlation_length,1.0
D2,D4,neighbour_coherence_gain,0.9999575094925757
D2,D4,elastic_persistence_index,0.9246781230865762
D2,D4,phase_field_coherence,0.9712980904672528
D2,D5,pearson_kappa,0.9990672490316569
D2,D5,coherence_gain,0.9690414039135972
D2,D5,emergent_memory_index,0.8667424678315289
D2,D5,spatial_correlation_length,1.0
D2,D5,neighbour_coherence_gain,0.9999552256888317
D2,D5,elastic_persistence_index,0.8667424678315289
D2,D5,phase_field_coherence,0.8673441553482065
D2,D6,pearson_kappa,0.9990150878769809
D2,D6,coherence_gain,0.9638742109990782
D2,D6,emergent_memory_index,0.9160258642631482
D2,D6,spatial_correlation_length,1.0
D2,D6,neighbour_coherence_gain,0.9999566723771435
D2,D6,elastic_persistence_index,0.9160258642631482
D2,D6,phase_field_coherence,0.9680975559475604
D2,D7,pearson_kappa,0.9992864854907244
D2,D7,coherence_gain,0.988642783340397
D2,D7,emergent_memory_index,0.7960969120903901
D2,D7,spatial_correlation_length,1.0
D2,D7,neighbour_coherence_gain,0.9999841135646169
D2,D7,elastic_persistence_index,0.7960969120903901
D2,D7,phase_field_coherence,0.903293256747247
D2,D8,pearson_kappa,0.9995896333370907
D2,D8,coherence_gain,0.979996598134707
D2,D8,emergent_memory_index,0.8664132623637747
D2,D8,spatial_correlation_length,1.0
D2,D8,neighbour_coherence_gain,0.9999848119220951
D2,D8,elastic_persistence_index,0.8664132623637747
D2,D8,phase_field_coherence,0.942443948334129
D2,D9,pearson_kappa,0.9982225826739889
D2,D9,coherence_gain,0.9305480880904334
D2,D9,emergent_memory_index,0.9799183317776682
D2,D9,spatial_correlation_length,1.0
D2,D9,neighbour_coherence_gain,0.9999563643379666
D2,D9,elastic_persistence_index,0.9799183317776682
D2,D9,phase_field_coherence,0.9468742876953579
D2,D10,pearson_kappa,0.998878525578973
D2,D10,coherence_gain,0.9621211908494665
D2,D10,emergent_memory_index,0.8832548991641651
D2,D10,spatial_correlation_length,1.0
D2,D10,neighbour_coherence_gain,0.999959148094738
D2,D10,elastic_persistence_index,0.8832548991641651
D2,D10,phase_field_coherence,0.9384368217697548
D2,D11,pearson_kappa,0.9988950266021096
D2,D11,coherence_gain,0.9684474632106619
D2,D11,emergent_memory_index,0.9063234396944325
D2,D11,spatial_correlation_length,1.0
D2,D11,neighbour_coherence_gain,0.9999586412840643
D2,D11,elastic_persistence_index,0.9063234396944325
D2,D11,phase_field_coherence,0.8840469799627374
D2,D12,pearson_kappa,0.9989202325671708
D2,D12,coherence_gain,0.9659150253138107
D2,D12,emergent_memory_index,0.9246781230865762
D2,D12,spatial_correlation_length,1.0
D2,D12,neighbour_coherence_gain,0.9999575094925757
D2,D12,elastic_persistence_index,0.9246781230865762
D2,D12,phase_field_coherence,0.9712980904672528
D2,D13,pearson_kappa,0.999976835314112
D2,D13,coherence_gain,0.99840192352096
D2,D13,emergent_memory_index,0.9920810043876668
D2,D13,spatial_correlation_length,1.0
D2,D13,neighbour_coherence_gain,0.9999999396025399
D2,D13,elastic_persistence_index,0.9920810043876668
D2,D13,phase_field_coherence,0.8451050881553407
D2,D14,pearson_kappa,0.8708909018001919
D2,D14,coherence_gain,0.37382492884992474
D2,D14,spatial_correlation_length,1.0
D2,D14,neighbour_coherence_gain,0.9998724194609105
D2,D14,phase_field_coherence,-0.8691084811322042
D3,D3,pearson_kappa,0.9999999999999998
D3,D3,coherence_gain,1.0
D3,D3,emergent_memory_index,1.0
D3,D3,spatial_correlation_length,1.0
D3,D3,neighbour_coherence_gain,1.0
D3,D3,elastic_persistence_index,1.0
D3,D3,phase_field_coherence,1.0
D3,D4,pearson_kappa,0.9990136095740856
D3,D4,coherence_gain,0.9719279571152889
D3,D4,emergent_memory_index,0.9303614981802852
D3,D4,spatial_correlation_length,1.0
D3,D4,neighbour_coherence_gain,0.999960050850805
D3,D4,elastic_persistence_index,0.9303614981802852
D3,D4,phase_field_coherence,0.7491626625920412
D3,D5,pearson_kappa,0.9991946507535168
D3,D5,coherence_gain,0.97682594922713
D3,D5,emergent_memory_index,0.8923878127031932
D3,D5,spatial_correlation_length,1.0
D3,D5,neighbour_coherence_gain,0.9999578809290877
D3,D5,elastic_persistence_index,0.8923878127031932
D3,D5,phase_field_coherence,0.981871777703911
D3,D6,pearson_kappa,0.9991339129386675
D3,D6,coherence_gain,0.9717530902842803
D3,D6,emergent_memory_index,0.9268539882876596
D3,D6,spatial_correlation_length,1.0
D3,D6,neighbour_coherence_gain,0.9999592504521989
D3,D6,elastic_persistence_index,0.9268539882876596
D3,D6,phase_field_coherence,0.9189608384756841
D3,D7,pearson_kappa,0.9994482124760578
D3,D7,coherence_gain,0.9886830480413684
D3,D7,emergent_memory_index,0.8165833808990006
D3,D7,spatial_correlation_length,1.0
D3,D7,neighbour_coherence_gain,0.9999854788041778
D3,D7,elastic_persistence_index,0.8165833808990006
D3,D7,phase_field_coherence,0.8091749947023167
D3,D8,pearson_kappa,0.9996834554234311
D3,D8,coherence_gain,0.9789836120243727
D3,D8,emergent_memory_index,0.8707756664127574
D3,D8,spatial_correlation_length,1.0
D3,D8,neighbour_coherence_gain,0.9999860985162353
D3,D8,elastic_persistence_index,0.8707756664127574
D3,D8,phase_field_coherence,0.7369927509360736
D3,D9,pearson_kappa,0.9981814517401104
D3,D9,coherence_gain,0.9368167753690226
D3,D9,emergent_memory_index,0.9561977843612871
D3,D9,spatial_correlation_length,1.0
D3,D9,neighbour_coherence_gain,0.9999589327904239
D3,D9,elastic_persistence_index,0.9561977843612871
D3,D9,phase_field_coherence,0.8302739052868129
D3,D10,pearson_kappa,0.9988289394739287
D3,D10,coherence_gain,0.9683776668943976
D3,D10,emergent_memory_index,0.896365428698456
D3,D10,spatial_correlation_length,1.0
D3,D10,neighbour_coherence_gain,0.9999616056395314
D3,D10,elastic_persistence_index,0.896365428698456
D3,D10,phase_field_coherence,0.8898529238093718
D3,D11,pearson_kappa,0.9988276053406054
D3,D11,coherence_gain,0.9728156253553126
D3,D11,emergent_memory_index,0.9155637864008227
D3,D11,spatial_correlation_length,1.0
D3,D11,neighbour_coherence_gain,0.9999611405386137
D3,D11,elastic_persistence_index,0.9155637864008227
D3,D11,phase_field_coherence,0.8524529010746089
D3,D12,pearson_kappa,0.9990136095740856
D3,D12,coherence_gain,0.9719279571152889
D3,D12,emergent_memory_index,0.9303614981802852
D3,D12,spatial_correlation_length,1.0
D3,D12,neighbour_coherence_gain,0.999960050850805
D3,D12,elastic_persistence_index,0.9303614981802852
D3,D12,phase_field_coherence,0.7491626625920412
D3,D13,pearson_kappa,0.9999999999999998
D3,D13,coherence_gain,1.0
D3,D13,emergent_memory_index,1.0
D3,D13,spatial_correlation_length,1.0
D3,D13,neighbour_coherence_gain,1.0
D3,D13,elastic_persistence_index,1.0
D3,D13,phase_field_coherence,1.0
D3,D14,pearson_kappa,0.8704103707184646
D3,D14,coherence_gain,0.35796968611968805
D3,D14,spatial_correlation_length,1.0
D3,D14,neighbour_coherence_gain,0.9998773816829793
D3,D14,phase_field_coherence,-0.8178535509909125
D4,D4,pearson_kappa,1.0
D4,D4,coherence_gain,1.0
D4,D4,emergent_memory_index,1.0
D4,D4,spatial_correlation_length,1.0
D4,D4,neighbour_coherence_gain,1.0
D4,D4,elastic_persistence_index,1.0
D4,D4,phase_field_coherence,1.0
D4,D5,pearson_kappa,0.9999536108968514
D4,D5,coherence_gain,0.9986611131687504
D4,D5,emergent_memory_index,0.9844575863069379
D4,D5,spatial_correlation_length,1.0
D4,D5,neighbour_coherence_gain,0.9999999444943237
D4,D5,elastic_persistence_index,0.9844575863069379
D4,D5,phase_field_coherence,0.8097850399226401
D4,D6,pearson_kappa,0.9999673808380078
D4,D6,coherence_gain,0.9993171819366516
D4,D6,emergent_memory_index,0.9988752934627082
D4,D6,spatial_correlation_length,1.0
D4,D6,neighbour_coherence_gain,0.999999994363403
D4,D6,elastic_persistence_index,0.9988752934627082
D4,D6,phase_field_coherence,0.9455231282243106
D4,D7,pearson_kappa,0.9984828410476605
D4,D7,coherence_gain,0.9883772803513879
D4,D7,emergent_memory_index,0.9639052258723875
D4,D7,spatial_correlation_length,1.0
D4,D7,neighbour_coherence_gain,0.9999930794987479
D4,D7,elastic_persistence_index,0.9639052258723875
D4,D7,phase_field_coherence,0.7875576342462982
D4,D8,pearson_kappa,0.9990613943933614
D4,D8,coherence_gain,0.9857749167816331
D4,D8,emergent_memory_index,0.9867916271564483
D4,D8,spatial_correlation_length,1.0
D4,D8,neighbour_coherence_gain,0.9999923050541178
D4,D8,elastic_persistence_index,0.9867916271564483
D4,D8,phase_field_coherence,0.8683665678315591
D4,D9,pearson_kappa,0.9994579601841824
D4,D9,coherence_gain,0.9889927305031644
D4,D9,emergent_memory_index,0.9473756924832835
D4,D9,spatial_correlation_length,1.0
D4,D9,neighbour_coherence_gain,0.9999999605118027
D4,D9,elastic_persistence_index,0.9473756924832835
D4,D9,phase_field_coherence,0.8500324832427776
D4,D10,pearson_kappa,0.9997619621545798
D4,D10,coherence_gain,0.99721894833789
D4,D10,emergent_memory_index,0.9866102837947318
D4,D10,spatial_correlation_length,1.0
D4,D10,neighbour_coherence_gain,0.9999999590219781
D4,D10,elastic_persistence_index,0.9866102837947318
D4,D10,phase_field_coherence,0.8449631613836693
D4,D11,pearson_kappa,0.9996442855681906
D4,D11,coherence_gain,0.9966327711429582
D4,D11,emergent_memory_index,0.9836462761485136
D4,D11,spatial_correlation_length,1.0
D4,D11,neighbour_coherence_gain,0.9999999773384245
D4,D11,elastic_persistence_index,0.9836462761485136
D4,D11,phase_field_coherence,0.7495977291121848
D4,D12,pearson_kappa,1.0
D4,D12,coherence_gain,1.0
D4,D12,emergent_memory_index,1.0
D4,D12,spatial_correlation_length,1.0
D4,D12,neighbour_coherence_gain,1.0
D4,D12,elastic_persistence_index,1.0
D4,D12,phase_field_coherence,1.0
D4,D13,pearson_kappa,0.9990136095740855
D4,D13,coherence_gain,0.9719279571152889
D4,D13,emergent_memory_index,0.9303614981802854
D4,D13,spatial_correlation_length,1.0
D4,D13,neighbour_coherence_gain,0.9999600508508051
D4,D13,elastic_persistence_index,0.9303614981802854
D4,D13,phase_field_coherence,0.7491626625920413
D4,D14,pearson_kappa,0.8825143268863899
D4,D14,coherence_gain,0.5216556960648571
D4,D14,spatial_correlation_length,1.0
D4,D14,neighbour_coherence_gain,0.9999029186429992
D4,D14,phase_field_coherence,-0.8414931782549908
D5,D5,pearson_kappa,1.0
D5,D5,coherence_gain,1.0
D5,D5,emergent_memory_index,0.9999999999999998
D5,D5,spatial_correlation_length,1.0
D5,D5,neighbour_coherence_gain,1.0
D5,D5,elastic_persistence_index,0.9999999999999998
D5,D5,phase_field_coherence,1.0
D5,D6,pearson_kappa,0.9999970219645948
D5,D6,coherence_gain,0.9996718635418453
D5,D6,emergent_memory_index,0.9904345146635104
D5,D6,spatial_correlation_length,1.0
D5,D6,neighbour_coherence_gain,0.9999999734831573
D5,D6,elastic_persistence_index,0.9904345146635104
D5,D6,phase_field_coherence,0.9559947825131024
D5,D7,pearson_kappa,0.9989260340306262
D5,D7,coherence_gain,0.9863526365903122
D5,D7,emergent_memory_index,0.9841436550908023
D5,D7,spatial_correlation_length,1.0
D5,D7,neighbour_coherence_gain,0.9999919671425411
D5,D7,elastic_persistence_index,0.9841436550908023
D5,D7,phase_field_coherence,0.7509927116796503
D5,D8,pearson_kappa,0.9993689047950962
D5,D8,coherence_gain,0.9811556071764906
D5,D8,emergent_memory_index,0.9787987696112561
D5,D8,spatial_correlation_length,1.0
D5,D8,neighbour_coherence_gain,0.9999911109671074
D5,D8,elastic_persistence_index,0.9787987696112561
D5,D8,phase_field_coherence,0.7182089977764795
D5,D9,pearson_kappa,0.9993600802933391
D5,D9,coherence_gain,0.9823131274818719
D5,D9,emergent_memory_index,0.8795643178167267
D5,D9,spatial_correlation_length,1.0
D5,D9,neighbour_coherence_gain,0.9999999374758944
D5,D9,elastic_persistence_index,0.8795643178167267
D5,D9,phase_field_coherence,0.8010541557971087
D5,D10,pearson_kappa,0.9996093685298016
D5,D10,coherence_gain,0.9949266145349438
D5,D10,emergent_memory_index,0.9846372225209731
D5,D10,spatial_correlation_length,1.0
D5,D10,neighbour_coherence_gain,0.9999998301630045
D5,D10,elastic_persistence_index,0.9846372225209731
D5,D10,phase_field_coherence,0.8836383115974711
D5,D11,pearson_kappa,0.999531379677608
D5,D11,coherence_gain,0.9936824143895036
D5,D11,emergent_memory_index,0.972096953944664
D5,D11,spatial_correlation_length,1.0
D5,D11,neighbour_coherence_gain,0.9999998914158149
D5,D11,elastic_persistence_index,0.972096953944664
D5,D11,phase_field_coherence,0.7901623687443317
D5,D12,pearson_kappa,0.9999536108968514
D5,D12,coherence_gain,0.9986611131687504
D5,D12,emergent_memory_index,0.9844575863069379
D5,D12,spatial_correlation_length,1.0
D5,D12,neighbour_coherence_gain,0.9999999444943237
D5,D12,elastic_persistence_index,0.9844575863069379
D5,D12,phase_field_coherence,0.8097850399226401
D5,D13,pearson_kappa,0.9991946507535168
D5,D13,coherence_gain,0.97682594922713
D5,D13,emergent_memory_index,0.8923878127031931
D5,D13,spatial_correlation_length,1.0
D5,D13,neighbour_coherence_gain,0.9999578809290877
D5,D13,elastic_persistence_index,0.8923878127031931
D5,D13,phase_field_coherence,0.981871777703911
D5,D14,pearson_kappa,0.8783694142283253
D5,D14,coherence_gain,0.48001396360975723
D5,D14,spatial_correlation_length,1.0
D5,D14,neighbour_coherence_gain,0.9999055619599999
D5,D14,phase_field_coherence,-0.8817483234871104
D6,D6,pearson_kappa,1.0
D6,D6,coherence_gain,1.0
D6,D6,emergent_memory_index,1.0
D6,D6,spatial_correlation_length,1.0
D6,D6,neighbour_coherence_gain,0.9999999999999999
D6,D6,elastic_persistence_index,1.0
D6,D6,phase_field_coherence,1.0
D6,D7,pearson_kappa,0.998844123949347
D6,D7,coherence_gain,0.9848752274370302
D6,D7,emergent_memory_index,0.971411970744821
D6,D7,spatial_correlation_length,1.0
D6,D7,neighbour_coherence_gain,0.9999927028812408
D6,D7,elastic_persistence_index,0.971411970744821
D6,D7,phase_field_coherence,0.8212876576131768
D6,D8,pearson_kappa,0.9993185538048981
D6,D8,coherence_gain,0.980801720791154
D6,D8,emergent_memory_index,0.9886040651523981
D6,D8,spatial_correlation_length,1.0
D6,D8,neighbour_coherence_gain,0.9999919038416695
D6,D8,elastic_persistence_index,0.9886040651523981
D6,D8,phase_field_coherence,0.8426605370115668
D6,D9,pearson_kappa,0.9994341366675651
D6,D9,coherence_gain,0.9861684053320264
D6,D9,emergent_memory_index,0.9357204483220248
D6,D9,spatial_correlation_length,1.0
D6,D9,neighbour_coherence_gain,0.9999999657141836
D6,D9,elastic_persistence_index,0.9357204483220248
D6,D9,phase_field_coherence,0.8791224516826189
D6,D10,pearson_kappa,0.9996596011736426
D6,D10,coherence_gain,0.996009392353821
D6,D10,emergent_memory_index,0.9915657978090449
D6,D10,spatial_correlation_length,1.0
D6,D10,neighbour_coherence_gain,0.9999999292162609
D6,D10,elastic_persistence_index,0.9915657978090449
D6,D10,phase_field_coherence,0.9204587021845366
D6,D11,pearson_kappa,0.9995847055841844
D6,D11,coherence_gain,0.9944414503129312
D6,D11,emergent_memory_index,0.9876576025617219
D6,D11,spatial_correlation_length,1.0
D6,D11,neighbour_coherence_gain,0.9999999598091879
D6,D11,elastic_persistence_index,0.9876576025617219
D6,D11,phase_field_coherence,0.8248179409513567
D6,D12,pearson_kappa,0.9999673808380078
D6,D12,coherence_gain,0.9993171819366516
D6,D12,emergent_memory_index,0.9988752934627081
D6,D12,spatial_correlation_length,1.0
D6,D12,neighbour_coherence_gain,0.9999999943634031
D6,D12,elastic_persistence_index,0.9988752934627081
D6,D12,phase_field_coherence,0.9455231282243106
D6,D13,pearson_kappa,0.9991339129386674
D6,D13,coherence_gain,0.9717530902842803
D6,D13,emergent_memory_index,0.9268539882876596
D6,D13,spatial_correlation_length,1.0
D6,D13,neighbour_coherence_gain,0.999959250452199
D6,D13,elastic_persistence_index,0.9268539882876596
D6,D13,phase_field_coherence,0.9189608384756841
D6,D14,pearson_kappa,0.8788624493713832
D6,D14,coherence_gain,0.4994788832566102
D6,D14,spatial_correlation_length,1.0
D6,D14,neighbour_coherence_gain,0.9999035450199883
D6,D14,phase_field_coherence,-0.910918960735544
D7,D7,pearson_kappa,1.0
D7,D7,coherence_gain,0.9999999999999999
D7,D7,emergent_memory_index,1.0
D7,D7,spatial_correlation_length,1.0
D7,D7,neighbour_coherence_gain,1.0
D7,D7,elastic_persistence_index,1.0
D7,D7,phase_field_coherence,1.0
D7,D8,pearson_kappa,0.9998897579663468
D7,D8,coherence_gain,0.9983323296365549
D7,D8,emergent_memory_index,0.9863819998555827
D7,D8,spatial_correlation_length,1.0
D7,D8,neighbour_coherence_gain,0.9999999644809155
D7,D8,elastic_persistence_index,0.9863819998555827
D7,D8,phase_field_coherence,0.9669695838455853
D7,D9,pearson_kappa,0.9978124582933998
D7,D9,coherence_gain,0.9735353568141938
D7,D9,emergent_memory_index,0.8393340569935528
D7,D9,spatial_correlation_length,1.0
D7,D9,neighbour_coherence_gain,0.9999925615122218
D7,D9,elastic_persistence_index,0.8393340569935528
D7,D9,phase_field_coherence,0.9839408100103397
D7,D10,pearson_kappa,0.9979716110866929
D7,D10,coherence_gain,0.9896022431558259
D7,D10,emergent_memory_index,0.982544685646868
D7,D10,spatial_correlation_length,1.0
D7,D10,neighbour_coherence_gain,0.9999937785363877
D7,D10,elastic_persistence_index,0.982544685646868
D7,D10,phase_field_coherence,0.9221740626131003
D7,D11,pearson_kappa,0.9981257979451013
D7,D11,coherence_gain,0.9936637174017166
D7,D11,emergent_memory_index,0.9650243098881102
D7,D11,spatial_correlation_length,1.0
D7,D11,neighbour_coherence_gain,0.9999934920238976
D7,D11,elastic_persistence_index,0.9650243098881102
D7,D11,phase_field_coherence,0.9900108955838912
D7,D12,pearson_kappa,0.9984828410476605
D7,D12,coherence_gain,0.9883772803513879
D7,D12,emergent_memory_index,0.9639052258723875
D7,D12,spatial_correlation_length,1.0
D7,D12,neighbour_coherence_gain,0.999993079498748
D7,D12,elastic_persistence_index,0.9639052258723875
D7,D12,phase_field_coherence,0.7875576342462983
D7,D13,pearson_kappa,0.9994482124760579
D7,D13,coherence_gain,0.9886830480413683
D7,D13,emergent_memory_index,0.8165833808990006
D7,D13,spatial_correlation_length,1.0
D7,D13,neighbour_coherence_gain,0.9999854788041777
D7,D13,elastic_persistence_index,0.8165833808990006
D7,D13,phase_field_coherence,0.8091749947023168
D7,D14,pearson_kappa,0.8574942442899783
D7,D14,coherence_gain,0.4805351098932823
D7,D14,spatial_correlation_length,1.0
D7,D14,neighbour_coherence_gain,0.9998910757106388
D7,D14,phase_field_coherence,-0.7000231008871968
D8,D8,pearson_kappa,1.0
D8,D8,coherence_gain,0.9999999999999999
D8,D8,emergent_memory_index,0.9999999999999999
D8,D8,spatial_correlation_length,1.0
D8,D8,neighbour_coherence_gain,0.9999999999999999
D8,D8,elastic_persistence_index,0.9999999999999999
D8,D8,phase_field_coherence,0.9999999999999998
D8,D9,pearson_kappa,0.9986172321602159
D8,D9,coherence_gain,0.9789327230031931
D8,D9,emergent_memory_index,0.9130202949306987
D8,D9,spatial_correlation_length,1.0
D8,D9,neighbour_coherence_gain,0.999991739476865
D8,D9,elastic_persistence_index,0.9130202949306987
D8,D9,phase_field_coherence,0.9858791335645638
D8,D10,pearson_kappa,0.9987817332178219
D8,D10,coherence_gain,0.989897198160447
D8,D10,emergent_memory_index,0.9945554296707909
D8,D10,spatial_correlation_length,1.0
D8,D10,neighbour_coherence_gain,0.9999930390805112
D8,D10,elastic_persistence_index,0.9945554296707909
D8,D10,phase_field_coherence,0.932861193335069
D8,D11,pearson_kappa,0.9989117874087395
D8,D11,coherence_gain,0.9942247448147269
D8,D11,emergent_memory_index,0.9878446240020664
D8,D11,spatial_correlation_length,1.0
D8,D11,neighbour_coherence_gain,0.9999927203488012
D8,D11,elastic_persistence_index,0.9878446240020664
D8,D11,phase_field_coherence,0.943696365674317
D8,D12,pearson_kappa,0.9990613943933614
D8,D12,coherence_gain,0.9857749167816331
D8,D12,emergent_memory_index,0.9867916271564482
D8,D12,spatial_correlation_length,1.0
D8,D12,neighbour_coherence_gain,0.9999923050541178
D8,D12,elastic_persistence_index,0.9867916271564482
D8,D12,phase_field_coherence,0.8683665678315592
D8,D13,pearson_kappa,0.9996834554234312
D8,D13,coherence_gain,0.9789836120243727
D8,D13,emergent_memory_index,0.8707756664127573
D8,D13,spatial_correlation_length,1.0
D8,D13,neighbour_coherence_gain,0.9999860985162354
D8,D13,elastic_persistence_index,0.8707756664127573
D8,D13,phase_field_coherence,0.7369927509360736
D8,D14,pearson_kappa,0.8630978406150852
D8,D14,coherence_gain,0.5156505482361173
D8,D14,spatial_correlation_length,1.0
D8,D14,neighbour_coherence_gain,0.9998884871549123
D8,D14,phase_field_coherence,-0.7741798970144615
D9,D9,pearson_kappa,1.0
D9,D9,coherence_gain,1.0
D9,D9,emergent_memory_index,0.9999999999999998
D9,D9,spatial_correlation_length,1.0
D9,D9,neighbour_coherence_gain,1.0
D9,D9,elastic_persistence_index,0.9999999999999998
D9,D9,phase_field_coherence,0.9999999999999999
D9,D10,pearson_kappa,0.9997859556317914
D9,D10,coherence_gain,0.9940469865243504
D9,D10,emergent_memory_index,0.9127746360799706
D9,D10,spatial_correlation_length,1.0
D9,D10,neighbour_coherence_gain,0.9999999414211307
D9,D10,elastic_persistence_index,0.9127746360799706
D9,D10,phase_field_coherence,0.9701527949131628
D9,D11,pearson_kappa,0.9998795848321003
D9,D11,coherence_gain,0.9922691929542158
D9,D11,emergent_memory_index,0.932040824834605
D9,D11,spatial_correlation_length,1.0
D9,D11,neighbour_coherence_gain,0.9999999664961617
D9,D11,elastic_persistence_index,0.932040824834605
D9,D11,phase_field_coherence,0.9803261763835465
D9,D12,pearson_kappa,0.9994579601841824
D9,D12,coherence_gain,0.9889927305031645
D9,D12,emergent_memory_index,0.9473756924832836
D9,D12,spatial_correlation_length,1.0
D9,D12,neighbour_coherence_gain,0.9999999605118027
D9,D12,elastic_persistence_index,0.9473756924832836
D9,D12,phase_field_coherence,0.8500324832427776
D9,D13,pearson_kappa,0.9981814517401103
D9,D13,coherence_gain,0.9368167753690227
D9,D13,emergent_memory_index,0.956197784361287
D9,D13,spatial_correlation_length,1.0
D9,D13,neighbour_coherence_gain,0.9999589327904239
D9,D13,elastic_persistence_index,0.956197784361287
D9,D13,phase_field_coherence,0.8302739052868129
D9,D14,pearson_kappa,0.878123131947077
D9,D14,coherence_gain,0.5986183703489201
D9,D14,spatial_correlation_length,1.0
D9,D14,neighbour_coherence_gain,0.9999017936856824
D9,D14,phase_field_coherence,-0.810068664821425
D10,D10,pearson_kappa,1.0
D10,D10,coherence_gain,0.9999999999999999
D10,D10,emergent_memory_index,1.0
D10,D10,spatial_correlation_length,1.0
D10,D10,neighbour_coherence_gain,1.0
D10,D10,elastic_persistence_index,1.0
D10,D10,phase_field_coherence,1.0
D10,D11,pearson_kappa,0.9999646191312894
D10,D11,coherence_gain,0.9993742970741967
D10,D11,emergent_memory_index,0.9968470803362374
D10,D11,spatial_correlation_length,1.0
D10,D11,neighbour_coherence_gain,0.9999999902570539
D10,D11,elastic_persistence_index,0.9968470803362374
D10,D11,phase_field_coherence,0.9454670076535096
D10,D12,pearson_kappa,0.9997619621545797
D10,D12,coherence_gain,0.9972189483378899
D10,D12,emergent_memory_index,0.9866102837947318
D10,D12,spatial_correlation_length,1.0
D10,D12,neighbour_coherence_gain,0.9999999590219781
D10,D12,elastic_persistence_index,0.9866102837947318
D10,D12,phase_field_coherence,0.8449631613836693
D10,D13,pearson_kappa,0.9988289394739287
D10,D13,coherence_gain,0.9683776668943977
D10,D13,emergent_memory_index,0.896365428698456
D10,D13,spatial_correlation_length,1.0
D10,D13,neighbour_coherence_gain,0.9999616056395313
D10,D13,elastic_persistence_index,0.896365428698456
D10,D13,phase_field_coherence,0.8898529238093718
D10,D14,pearson_kappa,0.8834235936226776
D10,D14,coherence_gain,0.5206319880312283
D10,D14,spatial_correlation_length,1.0
D10,D14,neighbour_coherence_gain,0.9999006337717382
D10,D14,phase_field_coherence,-0.9162154238541166
D11,D11,pearson_kappa,1.0
D11,D11,coherence_gain,1.0
D11,D11,emergent_memory_index,1.0
D11,D11,spatial_correlation_length,1.0
D11,D11,neighbour_coherence_gain,1.0
D11,D11,elastic_persistence_index,1.0
D11,D11,phase_field_coherence,1.0
D11,D12,pearson_kappa,0.9996442855681905
D11,D12,coherence_gain,0.9966327711429582
D11,D12,emergent_memory_index,0.9836462761485136
D11,D12,spatial_correlation_length,1.0
D11,D12,neighbour_coherence_gain,0.9999999773384244
D11,D12,elastic_persistence_index,0.9836462761485136
D11,D12,phase_field_coherence,0.7495977291121848
D11,D13,pearson_kappa,0.9988276053406052
D11,D13,coherence_gain,0.9728156253553125
D11,D13,emergent_memory_index,0.9155637864008227
D11,D13,spatial_correlation_length,1.0
D11,D13,neighbour_coherence_gain,0.9999611405386138
D11,D13,elastic_persistence_index,0.9155637864008227
D11,D13,phase_field_coherence,0.8524529010746089
D11,D14,pearson_kappa,0.8801103393016572
D11,D14,coherence_gain,0.5229581087691163
D11,D14,spatial_correlation_length,1.0
D11,D14,neighbour_coherence_gain,0.9999022845077306
D11,D14,phase_field_coherence,-0.7363272789454146
D12,D12,pearson_kappa,1.0
D12,D12,coherence_gain,1.0
D12,D12,emergent_memory_index,1.0
D12,D12,spatial_correlation_length,1.0
D12,D12,neighbour_coherence_gain,1.0
D12,D12,elastic_persistence_index,1.0
D12,D12,phase_field_coherence,1.0
D12,D13,pearson_kappa,0.9990136095740855
D12,D13,coherence_gain,0.9719279571152889
D12,D13,emergent_memory_index,0.9303614981802854
D12,D13,spatial_correlation_length,1.0
D12,D13,neighbour_coherence_gain,0.9999600508508051
D12,D13,elastic_persistence_index,0.9303614981802854
D12,D13,phase_field_coherence,0.7491626625920413
D12,D14,pearson_kappa,0.8825143268863899
D12,D14,coherence_gain,0.5216556960648571
D12,D14,spatial_correlation_length,1.0
D12,D14,neighbour_coherence_gain,0.9999029186429992
D12,D14,phase_field_coherence,-0.8414931782549908
D13,D13,pearson_kappa,0.9999999999999998
D13,D13,coherence_gain,1.0
D13,D13,emergent_memory_index,1.0
D13,D13,spatial_correlation_length,1.0
D13,D13,neighbour_coherence_gain,1.0
D13,D13,elastic_persistence_index,1.0
D13,D13,phase_field_coherence,1.0
D13,D14,pearson_kappa,0.8704103707184646
D13,D14,coherence_gain,0.35796968611968805
D13,D14,spatial_correlation_length,1.0
D13,D14,neighbour_coherence_gain,0.9998773816829793
D13,D14,phase_field_coherence,-0.8178535509909125
D14,D14,pearson_kappa,0.9999999999999999
D14,D14,coherence_gain,1.0
D14,D14,spatial_correlation_length,1.0
D14,D14,neighbour_coherence_gain,1.0
D14,D14,phase_field_coherence,1.0
