cluster_id,model,channel_id,channel_name,dx_mean,dy_mean,dx_rms,dy_rms,displacement_mag_rms,displacement_divergence_rms,displacement_curl_rms,displacement_divergence_pearson_vs_kappa_gr,displacement_curl_pearson_vs_gamma_mag_gr,displacement_divergence_pearson_vs_gamma1_gr,displacement_curl_pearson_vs_gamma1_gr
Abell2744,C10,CH0,Native full response,0.33537834314907805,0.000473491842904938,1.2647909386437708,0.007492836921284144,1.2648131328700378,0.258157167961595,0.2580880523325104,0.031174244730022598,0.005445497337633186,0.03549600248407274,-0.03764345072235076
Abell2744,C10,CH1,Longitudinal (local-gradient),0.33538877751092244,0.000361487755588535,1.2648302875445332,0.0027127763491516135,1.2648331966886017,0.25819025457871564,0.25818573452277654,0.03175489224649601,0.005529239287937387,0.03541962587762369,-0.037265395585804495
Abell2744,C10,CH2,Transverse (local-gradient),0.3353798588546679,0.00015958922400678834,1.26479665409003,0.006636585225255195,1.2648140655688436,0.2581520764669312,0.25807910090427705,0.030905535810427934,0.005428416144403782,0.03569628136295453,-0.03756109310560434
Abell2744,C10,CH3,Irrotational (Helmholtz),0.3353874080438588,-0.00046242694356221197,1.2648251233697212,0.004610114411289142,1.2648335249597538,0.25820366263360583,0.2580495000673385,0.03148421584635174,0.005633506770927669,0.0352975425333826,-0.0374301933331462
Abell2744,C10,CH4,Solenoidal (Helmholtz),0.33538052332990076,0.0009363002412437727,1.2647991594746186,0.006770369768864346,1.264817279971502,0.2581302045773341,0.25821180088393353,0.031226077734482424,0.005311005303599192,0.035763168801781195,-0.03739583367926222
Abell2744,A8,CH0,Native full response,0.33537417409971815,0.000668163735089547,1.2647752154209821,0.008076394433134513,1.2648010016165512,0.25814821125801357,0.2580874303126616,0.030840928542960725,0.0053257269435423036,0.03575581163561328,-0.037474957363139313
Abell2744,A8,CH1,Longitudinal (local-gradient),0.3353896407541335,0.00014634692044104895,1.264833543026724,0.001779162128859947,1.2648347943440743,0.25817641210684666,0.2582000759090849,0.03149836829101084,0.005492875630282066,0.035631687225072796,-0.037271019543589454
Abell2744,A8,CH2,Transverse (local-gradient),0.33537461046492134,0.0005163005199039213,1.2647768610879,0.00783919767510826,1.2648011548712117,0.2581583404400947,0.25807407046887876,0.030863351771980716,0.00534387204336284,0.03567113236254614,-0.03738844793692181
Abell2744,A8,CH3,Irrotational (Helmholtz),0.33538923715183955,-0.00037241325259890435,1.2648320209889354,0.0029167953021359814,1.26483538415629,0.2581961688820048,0.25805188375471605,0.031340610412421456,0.005580585312440137,0.03552925890141931,-0.037377380582984544
Abell2744,A8,CH4,Solenoidal (Helmholtz),0.335375392025005,0.0010505694586351647,1.2647798084961388,0.00790466105229832,1.264804509655892,0.2581275575832673,0.2582140741481328,0.031023183479748914,0.005247473737599574,0.035794498257065946,-0.03727615934430155
MACS0416,C10,CH0,Native full response,0.33537546877938995,-0.0007464952934960684,1.264780098216713,0.008833667226720493,1.264810946553575,0.2582039234065475,0.25790062986882145,0.011647093544936883,0.0012979877819251306,0.06359706872983703,0.0037334906424268833
MACS0416,C10,CH1,Longitudinal (local-gradient),0.3353893214802194,-0.0001531178935153003,1.2648323389746512,0.002152660852151075,1.2648341708164084,0.25820105413439265,0.2581443391469502,0.012341344611231536,0.001158715501321013,0.06346168461319822,0.003563796253802917
MACS0416,C10,CH2,Transverse (local-gradient),0.3353767422607883,-0.0005739355612532213,1.2647849006110887,0.008299196434407161,1.2648121289247896,0.25818309956155355,0.2579504213560942,0.011510970441917281,0.0013006934891342482,0.06364954213044936,0.0037362833701594933
MACS0416,C10,CH3,Irrotational (Helmholtz),0.3353884239308268,0.0001820240765473806,1.2648289542119995,0.0038570906310995143,1.2648348352892391,0.2581985062387371,0.25801331075062367,0.01228354088241127,0.0012543382245464962,0.06317760583000408,0.0037800317630794092
MACS0416,C10,CH4,Solenoidal (Helmholtz),0.3353779811342912,-0.0009309482510327331,1.2647895726616418,0.008104069279113103,1.2648155355831536,0.25818304578766027,0.25806456850458315,0.011570059814371515,0.0011989383246774703,0.063925540396956,0.0035286862189996136
MACS0416,A8,CH0,Native full response,0.33536899107719464,-0.0009000743787396169,1.2647556701579108,0.01011339249289142,1.2647961044786238,0.25817199690191983,0.2579466665557209,0.011111627928648834,0.0012987684300312537,0.06383601865019929,0.0036549157905057653
MACS0416,A8,CH1,Longitudinal (local-gradient),0.3353898553214585,-6.659497977812425e-05,1.2648343522098435,0.0016399141335972072,1.2648354153202936,0.2581659514780042,0.25816697554641127,0.012209295147844381,0.001215711766940472,0.06349444649295737,0.003522145308273965
MACS0416,A8,CH2,Transverse (local-gradient),0.3353702083611031,-0.0008315597802755663,1.2647602606415924,0.009738012796502814,1.264797748966772,0.25818657376783233,0.2579620750463042,0.011129186129937128,0.0012682140013078377,0.06382554195335186,0.0036922502835127066
MACS0416,A8,CH3,Irrotational (Helmholtz),0.33538930010444024,3.5085713523796654e-05,1.2648322583914031,0.002770223500281436,1.2648352920462564,0.25818206630288315,0.2580307556170384,0.012044139732876418,0.0012531315467257758,0.06340209353325613,0.003636957576649013
MACS0416,A8,CH4,Solenoidal (Helmholtz),0.3353719549162771,-0.0009397890067613184,1.2647668472824167,0.009456467414109116,1.2648021990653946,0.2581616908756154,0.25809198159582986,0.011284923383780161,0.0012021197333992669,0.0639324292498085,0.0035837569135583965
MACS1149,C10,CH0,Native full response,0.33538252942905944,0.0006129435903832444,1.2648067247587615,0.006271040974969474,1.264822270894174,0.25821033066156734,0.25824933907039205,0.01525418761199282,0.02002965947847362,0.027795080585977433,0.018806051139308378
MACS1149,C10,CH1,Longitudinal (local-gradient),0.33539027952804185,0.00012667789006303587,1.2648359519915302,0.001190651413618658,1.2648365124003613,0.2581907453744775,0.2581840661865144,0.0156675573338026,0.020102795048721443,0.02744783089186244,0.01898148516229523
MACS1149,C10,CH2,Transverse (local-gradient),0.3353835687054681,0.0004886027358830985,1.2648106440632692,0.005668855950060854,1.2648233478488309,0.25820304438762237,0.258250271674746,0.015261458137884541,0.01996672379590591,0.02776215802684409,0.01881272830590948
MACS1149,C10,CH3,Irrotational (Helmholtz),0.33539025881336826,0.00031309368811268485,1.2648358738714387,0.0014509373764301117,1.2648367060816177,0.2581832195602368,0.258223444816076,0.015619334563042367,0.02011748104051649,0.02741954864790297,0.018993228675063575
MACS1149,C10,CH4,Solenoidal (Helmholtz),0.3353839481209222,0.00030091478534354107,1.2648120749289908,0.005536604831183411,1.2648241928739488,0.2582102972449952,0.2582105956004141,0.01531291635926411,0.019953883629173545,0.027791259424067967,0.018799862437293747
MACS1149,A8,CH0,Native full response,0.33537843899859054,0.0008357713566177324,1.2647912990481471,0.007821206275137244,1.2648154811732413,0.2582017225588162,0.25825161126605756,0.015071213346106909,0.019954795448691543,0.0278852845538079,0.01888454656014137
MACS1149,A8,CH1,Longitudinal (local-gradient),0.33539002502866677,9.503227358634341e-05,1.2648349922148812,0.0012659869812331468,1.2648356257847322,0.25818132498575735,0.2581605974982486,0.015575583415142265,0.020033667601607456,0.027501844234847105,0.019009394734628406
MACS1149,A8,CH2,Transverse (local-gradient),0.3353793274694107,0.000754259200328352,1.2647946496234597,0.007338298768756636,1.2648159377336095,0.25820218807019074,0.2582717562939112,0.015164880561918927,0.01995442237073992,0.027810289465807863,0.018858020682413514
MACS1149,A8,CH3,Irrotational (Helmholtz),0.33539003541808055,0.0003628176263503783,1.26483503139621,0.001961910988921374,1.2648365529750396,0.2581857134711727,0.2582113133746963,0.015595551740743356,0.020150153249817317,0.027446782863856285,0.018983407802630227
MACS1149,A8,CH4,Solenoidal (Helmholtz),0.3353812159115278,0.00046721793511567025,1.264801771289824,0.0065659060636773445,1.264818813814972,0.25819739900709215,0.2582252625051081,0.015155997866747787,0.019846698985061608,0.027854601761758916,0.018882251914885552
AbellS1063,C10,CH0,Native full response,0.3353761571809652,0.0008515671286879448,1.2647826941895706,0.007982728890445455,1.2648078856023817,0.2581237072488576,0.2584951207623491,0.0013539738135207268,0.009821082715918137,0.08933164967134424,-0.002875821802671741
AbellS1063,C10,CH1,Longitudinal (local-gradient),0.3353894897036277,0.00030493484612898836,1.2648329733819896,0.002144204490471673,1.2648347908589572,0.2581908654132975,0.2582093236323826,0.0019417366102418814,0.010057649037711074,0.08892949071384934,-0.002900962692167346
AbellS1063,C10,CH2,Transverse (local-gradient),0.33537773971142487,0.0005606501083201163,1.2647886620519158,0.00735361506766747,1.264810039219186,0.25812079803004584,0.258468712629303,0.0013208560472873546,0.009772092083330151,0.08930543736220578,-0.0028987065473363815
AbellS1063,C10,CH3,Irrotational (Helmholtz),0.33538946092872146,-0.00018152556395325414,1.2648328648730665,0.002665432329757197,1.2648356733554416,0.2581838965673137,0.2583004478975912,0.0017220126884022328,0.01002429236786434,0.08910167972342728,-0.0030284938951275044
AbellS1063,C10,CH4,Solenoidal (Helmholtz),0.33537401840366987,0.001033890823341064,1.2647746288061337,0.008856922332496374,1.264805639908716,0.2581204249121562,0.2583809978164596,0.0015454316012559234,0.009792290264502207,0.0891396489861518,-0.0027461439552293357
AbellS1063,A8,CH0,Native full response,0.33536945618050334,0.0010295193918914078,1.2647574243526276,0.009648115496250893,1.264794223811811,0.25812462161177063,0.2585242866204228,0.0012675447992635024,0.009512963152008572,0.08939973777393202,-0.002713086755158294
AbellS1063,A8,CH1,Longitudinal (local-gradient),0.3353898858550496,7.16620597106452e-05,1.2648344673588952,0.0014678127013000252,1.264835319040857,0.2581885953485586,0.258209946135186,0.001920922559293423,0.009893224175954018,0.08894834482198574,-0.0028505505935400906
AbellS1063,A8,CH2,Transverse (local-gradient),0.33537145082973613,0.0009620648974036164,1.26476494605117,0.009069223403511054,1.2647974618779727,0.25812211865095663,0.2584943904735845,0.0012735646957725505,0.009626495202069981,0.08934269992396564,-0.0027542509728042714
AbellS1063,A8,CH3,Irrotational (Helmholtz),0.33538913671341763,-0.0003478631970783979,1.2648316422145753,0.003171044634914356,1.2648356172528097,0.2581923511882625,0.25830831463348214,0.0017240811910808227,0.009977334206886094,0.08909286568779126,-0.003078592834032974
AbellS1063,A8,CH4,Solenoidal (Helmholtz),0.33536674090419827,0.0013741118212870665,1.2647471851543874,0.010716616864766363,1.2647925870406467,0.25811213035477,0.25840121674567723,0.00145680614084073,0.009527132591726953,0.08921339082037841,-0.0025389054716503513
Abell370,C10,CH0,Native full response,0.3353726928561329,0.0009864079334091242,1.2647696293422137,0.008713046874161258,1.2647996412445222,0.25816753338960613,0.2581870357316875,0.016421031914448277,-0.004660564399718302,0.08604190163446271,0.006228114309435183
Abell370,C10,CH1,Longitudinal (local-gradient),0.3353885268403789,0.0002395748079459055,1.2648293422053734,0.0023944502590296604,1.2648316086719689,0.2581571236602932,0.25816986299956596,0.017855711506480954,-0.004075566313146932,0.0849834238625361,0.0059785660801119425
Abell370,C10,CH2,Transverse (local-gradient),0.3353730113320317,0.0007792304133850447,1.264770830382755,0.008524944521112552,1.2647995604308895,0.25820048150429364,0.25819156478624206,0.016259393910690114,-0.004601176916561794,0.08610216541644947,0.006193871988488483
Abell370,C10,CH3,Irrotational (Helmholtz),0.33538882550579396,0.0005007934938682916,1.2648304685622187,0.0029774535222172153,1.2648339730702993,0.25817561933569305,0.258130660140583,0.01745664213260611,-0.004095234921590667,0.08511807966089423,0.006292292286247846
Abell370,C10,CH4,Solenoidal (Helmholtz),0.33537576984089823,0.0004919750652638247,1.264781233166819,0.008034944354951827,1.2648067552404068,0.2581733472350287,0.2582322752161731,0.01664128462568529,-0.004610839249612667,0.0859914248033173,0.005888152351480911
Abell370,A8,CH0,Native full response,0.3353632756190887,0.0012170544670722064,1.2647341159290257,0.01046415669071271,1.2647774043562063,0.25815997159744264,0.25822981261530326,0.015952277732502768,-0.004633716973654991,0.08626941487600966,0.006429501568050392
Abell370,A8,CH1,Longitudinal (local-gradient),0.335389776422188,1.4148755866200543e-05,1.2648340546618437,0.0014862506431761707,1.2648349278752917,0.25817692970250217,0.25820511582730954,0.017828160018955194,-0.004060750935722853,0.08490175961903937,0.005955066125433325
Abell370,A8,CH2,Transverse (local-gradient),0.3353646416303394,0.0011687136937611955,1.264739267276271,0.010265667972945116,1.264780928908026,0.2581714295274628,0.2582025232605157,0.01577982433003781,-0.004614306639684084,0.08645481596418772,0.006418333242341312
Abell370,A8,CH3,Irrotational (Helmholtz),0.33538931484860707,0.0003691504456374504,1.264832313975638,0.0024269387953132797,1.2648346423579973,0.25818061824223637,0.25814759747255916,0.01736391829433194,-0.00408322295036983,0.08518805237984735,0.006212360748231127
Abell370,A8,CH4,Solenoidal (Helmholtz),0.3353675716222178,0.0008601142430285024,1.2647503167276932,0.009549353576513674,1.2647863668685433,0.25815492615852,0.25826151801017305,0.016259887918973665,-0.004592981153500634,0.08615280068028774,0.006171529418781374
